{"statusCode":0,"data":{"statusMessage":"done successfully","cards":[{"card":{"card":{"@type":"type.googleapis.com/swiggy.presentation.food.v2.Restaurant","info":{"id":"174465","name":"Mayur Lunch Home","city":"Nashik","slugs":{"restaurant":"mayur-lunch-home-moonpal-bombay-naka","city":"nashik"},"uniqueId":"f06b88d8-f72c-4b33-aef7-b6a03c0e35c4","cloudinaryImageId":"eel5uvix0usjkhh4ybbq","locality":"Raviwar Peth","areaName":"Ashok Stambh","costForTwo":"50000","costForTwoMessage":"₹500 for two","cuisines":["Desserts"],"avgRating":4.3,"veg":true,"feeDetails":{"restaurantId":"174465","fees":[{"name":"distance","fee":2100},{"name":"time"},{"name":"special"}],"totalFee":2100,"title":"Delivery Charge","amount":"2100"},"parentId":"133981","avgRatingString":"4.3","totalRatingsString":"1K+ ratings","sla":{"restaurantId":"174465","deliveryTime":17,"minDeliveryTime":17,"maxDeliveryTime":17,"lastMileTravel":1.6,"serviceability":"SERVICEABLE","stressFactor":0.756723,"rainMode":"RAIN_MODE_NONE","longDistance":"LONG_DISTANCE_NOT_LONG_DISTANCE","zoneId":551,"slaString":"17 MINS","lastMileTravelString":"1.6 km","iconType":"ICON_TYPE_EMPTY"},"availability":{"nextOpenTimeMessage":"Opens next at 8 am, tomorrow","nextOpenTime":"2023-08-26 08:00:00","visibility":true,"restaurantClosedMeta":{}},"aggregatedDiscountInfo":{"shortDescriptionList":[{"discountType":"Percentage","operationType":"RESTAURANT"},{"discountType":"Percentage","operationType":"RESTAURANT"}],"descriptionList":[{"meta":"20% off up to ₹100 | Use RUPAY100 Above ₹129","discountType":"Percentage","operationType":"RESTAURANT"},{"meta":"15% off upto ₹300 | Use CITIFOODIE Above ₹1200","discountType":"Percentage","operationType":"RESTAURANT"}],"visible":true},"badges":{},"slugString":"mayur-lunch-home-moonpal-bombay-naka","labels":[{"title":"Timings","message":"null"},{"title":"Address","message":"moonpal, gala no 5, near ashok stambh, nashik-422101"},{"title":"Cuisines","message":"Desserts"}],"totalRatings":1000,"aggregatedDiscountInfoV2":{"shortDescriptionList":[{"discountType":"Percentage","operationType":"RESTAURANT"},{"discountType":"Percentage","operationType":"RESTAURANT"}],"descriptionList":[{"meta":"20% off up to ₹100 | Use RUPAY100 Above ₹129","discountType":"Percentage","operationType":"RESTAURANT"},{"meta":"15% off upto ₹300 | Use CITIFOODIE Above ₹1200","discountType":"Percentage","operationType":"RESTAURANT"}],"couponDetailsCta":"View coupon details"},"type":"F","headerBanner":{"url":"swiggy://webview?is_external=false&webview_url=https://www.swiggy.com/restaurant-info/174465"},"ratingSlab":"RATING_SLAB_5","availabilityServiceabilityMessage":"Currently closed for delivery. Opens next at 8 am, tomorrow","orderabilityCommunication":{"title":{"text":"Currently"},"subTitle":{"text":"CLOSED"},"message":{"text":"Uh-oh! Outlet is not accepting orders at the moment. They should be back by 8:00 AM tomorrow","textColour":"primary"},"customIcon":{"bgGradientColorStart":"#EB8322","bgGradientColorEnd":"#EE5803"}},"hasBestsellerItems":true,"cartOrderabilityNudgeBanner":{"parameters":{},"presentation":{}},"latLong":"20.007106,73.7853318"},"analytics":{}},"relevance":{"type":"RELEVANCE_TYPE_CHECK_ORDERABILITY_ON_ITEM_ADD","sectionId":"POP_UP_CROUTON_MENU"}}},{"card":{"card":{"@type":"type.googleapis.com/swiggy.gandalf.widgets.v2.GridWidget","layout":{"rows":1,"columns":3,"horizontalScrollEnabled":true,"itemSpacing":12,"lineSpacing":10,"widgetPadding":{},"containerStyle":{"containerPadding":{"left":10,"right":10,"bottom":16}},"scrollBar":{}},"id":"offerCollectionWidget_UX4","gridElements":{"infoWithStyle":{"@type":"type.googleapis.com/swiggy.presentation.food.v2.OfferInfoWithStyle","offers":[{"info":{"header":"20% OFF UPTO ₹100","offerTagColor":"#E46D47","logoBottom":"rng/md/ads/production/be912a4c543f00172d9f82c033ee7239","offerIds":["70a98e19-77b5-43d4-b6ec-3c32929ae868"],"expiryTime":"1970-01-01T00:00:00Z","couponCode":"USE RUPAY100","description":"ABOVE ₹129","offerType":"offers","restId":"174465","offerLogo":"rng/md/ads/production/be912a4c543f00172d9f82c033ee7239","descriptionTextColor":"#7302060C"},"cta":{"type":"OFFER_HALF_CARD"}},{"info":{"header":"15% OFF UPTO ₹300","offerTagColor":"#E46D47","logoBottom":"rng/md/ads/production/15fb1cfe885005447dc8375e7970600f","offerIds":["dc23cf1d-dce3-4ad1-8506-ff010e482b6e"],"expiryTime":"1970-01-01T00:00:00Z","couponCode":"USE CITIFOODIE","description":"ABOVE ₹1200","offerType":"offers","restId":"174465","offerLogo":"rng/md/ads/production/15fb1cfe885005447dc8375e7970600f","descriptionTextColor":"#7302060C"},"cta":{"type":"OFFER_HALF_CARD"}},{"info":{"header":"20% OFF UPTO ₹80","offerTagColor":"#E46D47","logoBottom":"rng/md/ads/production/6de08393313dbf29b8b4c610c30702ad","offerIds":["9b4931b9-0bea-4fdb-acb9-afa86da43919"],"expiryTime":"1970-01-01T00:00:00Z","couponCode":"USE ONECARD","description":"ABOVE ₹250","offerType":"offers","restId":"174465","offerLogo":"rng/md/ads/production/6de08393313dbf29b8b4c610c30702ad","descriptionTextColor":"#7302060C"},"cta":{"type":"OFFER_HALF_CARD"}}]}}}}},{"groupedCard":{"cardGroupMap":{"REGULAR":{"cards":[{"card":{"card":{"@type":"type.googleapis.com/swiggy.presentation.food.v2.MenuVegFilterAndBadge","isPureVeg":true,"badges":{},"vegOnlyDetails":{"imageId":"AutoVegOnly_qkjowj","title":"Showing only vegetarian options.","description":"Tap on the VEG ONLY button to turn off the setting"},"topRatedFilter":{}}}},{"card":{"card":{"@type":"type.googleapis.com/swiggy.presentation.food.v2.ItemCategory","title":"Upwas Special","itemCards":[{"card":{"@type":"type.googleapis.com/swiggy.presentation.food.v2.Dish","info":{"id":"72360621","name":"Bhagar Kalwan","category":"Upwas Special","isVeg":1,"price":15000,"variants":{},"variantsV2":{},"itemAttribute":{"vegClassifier":"VEG"},"ribbon":{},"type":"ITEM","itemBadge":{},"badgesV2":{},"ratings":{"aggregatedRating":{"rating":"4.5","ratingCount":"20 ratings","ratingCountV2":"20"}}},"analytics":{},"hideRestaurantDetails":true}},{"card":{"@type":"type.googleapis.com/swiggy.presentation.food.v2.Dish","info":{"id":"109966158","name":"Sabudana Khichadi ( Red Chili )","category":"Upwas Special","description":"A flavorful dish, perfect for fasting - aromatic, flavorful and satisfying. Serves 1","isVeg":1,"price":7000,"variants":{},"variantsV2":{},"itemAttribute":{"vegClassifier":"VEG"},"ribbon":{},"type":"ITEM","itemBadge":{},"badgesV2":{},"ratings":{"aggregatedRating":{"rating":"4.3","ratingCount":"5 ratings","ratingCountV2":"5"}}},"analytics":{},"hideRestaurantDetails":true}},{"card":{"@type":"type.googleapis.com/swiggy.presentation.food.v2.Dish","info":{"id":"39451445","name":"Upwas Thali","category":"Upwas Special","description":"Sabudana khichadi + sabudana vada + bhagar thalipith + dahi + wafers + buttermilk + 1 fruit + 2 pic rajgira ladoo","isVeg":1,"price":20000,"variants":{},"variantsV2":{},"addons":[{"groupId":"13356937","groupName":"Addons","choices":[{"id":"14598432","name":"Masala Butter Milk","price":3000,"inStock":1,"isVeg":1,"isEnabled":1}],"maxAddons":-1,"maxFreeAddons":-1}],"itemAttribute":{"vegClassifier":"VEG"},"ribbon":{},"type":"ITEM","itemBadge":{},"badgesV2":{},"ratings":{"aggregatedRating":{"rating":"4.0","ratingCount":"195 ratings","ratingCountV2":"195"}}},"analytics":{},"hideRestaurantDetails":true}},{"card":{"@type":"type.googleapis.com/swiggy.presentation.food.v2.Dish","info":{"id":"39451446","name":"Sabudana Khichadi ( Green Chili )","category":"Upwas Special","description":"A flavorsome combo of deliciously hearty sabudana khichadi served with creamy sweet lassi.","imageId":"iu7sbal9lhr4ksnyysjj","isVeg":1,"price":7000,"variants":{},"variantsV2":{},"itemAttribute":{"vegClassifier":"VEG"},"ribbon":{"text":"Bestseller","textColor":"#ffffff","topBackgroundColor":"#d53d4c","bottomBackgroundColor":"#b02331"},"type":"ITEM","itemBadge":{},"badgesV2":{},"isBestseller":true,"ratings":{"aggregatedRating":{"rating":"4.2","ratingCount":"299 ratings","ratingCountV2":"299"}}},"analytics":{},"hideRestaurantDetails":true}},{"card":{"@type":"type.googleapis.com/swiggy.presentation.food.v2.Dish","info":{"id":"39451447","name":"Bhagar Thalipith","category":"Upwas Special","description":"A savory and flavorful vegetarian dish, perfect for fasting or Upwas. Serves 1","isVeg":1,"price":9000,"variants":{},"variantsV2":{},"itemAttribute":{"vegClassifier":"VEG"},"ribbon":{},"type":"ITEM","itemBadge":{},"badgesV2":{},"ratings":{"aggregatedRating":{"rating":"4.3","ratingCount":"84 ratings","ratingCountV2":"84"}}},"analytics":{},"hideRestaurantDetails":true}},{"card":{"@type":"type.googleapis.com/swiggy.presentation.food.v2.Dish","info":{"id":"39451449","name":"Sabudana Vada (2 Pcs)","category":"Upwas Special","description":"Crispy from the outside and soft on the inside, this sabudana vada is made from sago.","isVeg":1,"price":6000,"variants":{},"variantsV2":{},"itemAttribute":{"vegClassifier":"VEG"},"ribbon":{"text":"Bestseller","textColor":"#ffffff","topBackgroundColor":"#d53d4c","bottomBackgroundColor":"#b02331"},"type":"ITEM","itemBadge":{},"badgesV2":{},"isBestseller":true,"ratings":{"aggregatedRating":{"rating":"3.9","ratingCount":"126 ratings","ratingCountV2":"126"}}},"analytics":{},"hideRestaurantDetails":true}}]}}},{"card":{"card":{"@type":"type.googleapis.com/swiggy.presentation.food.v2.ItemCategory","title":"Paratha","itemCards":[{"card":{"@type":"type.googleapis.com/swiggy.presentation.food.v2.Dish","info":{"id":"101316357","name":"Mayur Special Paneer Cheese Paratha","category":"Paratha","description":"Serves 1 | A delectable paneer and cheese-filled paratha that will satisfy any craving for a crispy and savory treat. Serves 1","isVeg":1,"price":12000,"variants":{},"variantsV2":{},"addons":[{"groupId":"80280856","groupName":"Accompaniments","choices":[{"id":"64926289","name":"Dahi ( Curd )","price":2000,"inStock":1,"isVeg":1,"isEnabled":1}],"maxAddons":-1,"maxFreeAddons":-1},{"groupId":"80280855","groupName":"Butter","choices":[{"id":"64926288","name":"Butter","price":2000,"inStock":1,"isVeg":1,"isEnabled":1}],"maxAddons":-1,"maxFreeAddons":-1}],"itemAttribute":{"vegClassifier":"VEG","portionSize":"Serves 1"},"ribbon":{},"type":"ITEM","itemBadge":{},"badgesV2":{},"ratings":{"aggregatedRating":{"rating":"3.8","ratingCount":"15 ratings","ratingCountV2":"15"}}},"analytics":{},"hideRestaurantDetails":true}},{"card":{"@type":"type.googleapis.com/swiggy.presentation.food.v2.Dish","info":{"id":"82557350","name":"Nagali Paratha","category":"Paratha","isVeg":1,"price":9000,"variants":{},"variantsV2":{},"addons":[{"groupId":"80280857","groupName":"Butter","choices":[{"id":"64926288","name":"Butter","price":2000,"inStock":1,"isVeg":1,"isEnabled":1}],"maxAddons":-1,"maxFreeAddons":-1},{"groupId":"80280859","groupName":"Accompaniments","choices":[{"id":"64926289","name":"Dahi ( Curd )","price":2000,"inStock":1,"isVeg":1,"isEnabled":1}],"maxAddons":-1,"maxFreeAddons":-1}],"itemAttribute":{"vegClassifier":"VEG"},"ribbon":{},"type":"ITEM","itemBadge":{},"badgesV2":{},"ratings":{"aggregatedRating":{"rating":"4.3","ratingCount":"20 ratings","ratingCountV2":"20"}}},"analytics":{},"hideRestaurantDetails":true}},{"card":{"@type":"type.googleapis.com/swiggy.presentation.food.v2.Dish","info":{"id":"72360622","name":"Palak Paratha","category":"Paratha","isVeg":1,"price":9000,"variants":{},"variantsV2":{},"addons":[{"groupId":"80280860","groupName":"Butter","choices":[{"id":"64926288","name":"Butter","price":2000,"inStock":1,"isVeg":1,"isEnabled":1}],"maxAddons":-1,"maxFreeAddons":-1},{"groupId":"80280862","groupName":"Accompaniments","choices":[{"id":"64926289","name":"Dahi ( Curd )","price":2000,"inStock":1,"isVeg":1,"isEnabled":1}],"maxAddons":-1,"maxFreeAddons":-1}],"itemAttribute":{"vegClassifier":"VEG"},"ribbon":{},"type":"ITEM","itemBadge":{},"badgesV2":{},"ratings":{"aggregatedRating":{"rating":"4.2","ratingCount":"20 ratings","ratingCountV2":"20"}}},"analytics":{},"hideRestaurantDetails":true}},{"card":{"@type":"type.googleapis.com/swiggy.presentation.food.v2.Dish","info":{"id":"72360623","name":"Carrot ( Gajar ) Paratha","category":"Paratha","isVeg":1,"price":9000,"variants":{},"variantsV2":{},"addons":[{"groupId":"80280863","groupName":"Butter","choices":[{"id":"64926288","name":"Butter","price":2000,"inStock":1,"isVeg":1,"isEnabled":1}],"maxAddons":-1,"maxFreeAddons":-1},{"groupId":"80280865","groupName":"Accompaniments","choices":[{"id":"64926289","name":"Dahi ( Curd )","price":2000,"inStock":1,"isVeg":1,"isEnabled":1}],"maxAddons":-1,"maxFreeAddons":-1}],"itemAttribute":{"vegClassifier":"VEG"},"ribbon":{},"type":"ITEM","itemBadge":{},"badgesV2":{},"ratings":{"aggregatedRating":{"rating":"4.9","ratingCount":"6 ratings","ratingCountV2":"6"}}},"analytics":{},"hideRestaurantDetails":true}},{"card":{"@type":"type.googleapis.com/swiggy.presentation.food.v2.Dish","info":{"id":"72360624","name":"Mooli Paratha","category":"Paratha","description":"Wholesome paratha stuffed with seasoned mooli (daikon) stuffing served with curd, pickle and butter.","isVeg":1,"price":9000,"variants":{},"variantsV2":{},"addons":[{"groupId":"80280866","groupName":"Butter","choices":[{"id":"64926288","name":"Butter","price":2000,"inStock":1,"isVeg":1,"isEnabled":1}],"maxAddons":-1,"maxFreeAddons":-1},{"groupId":"80280868","groupName":"Accompaniments","choices":[{"id":"64926289","name":"Dahi ( Curd )","price":2000,"inStock":1,"isVeg":1,"isEnabled":1}],"maxAddons":-1,"maxFreeAddons":-1}],"itemAttribute":{"vegClassifier":"VEG"},"ribbon":{},"type":"ITEM","itemBadge":{},"badgesV2":{},"ratings":{"aggregatedRating":{"rating":"4.3","ratingCount":"16 ratings","ratingCountV2":"16"}}},"analytics":{},"hideRestaurantDetails":true}},{"card":{"@type":"type.googleapis.com/swiggy.presentation.food.v2.Dish","info":{"id":"39451436","name":"Aloo Paratha","category":"Paratha","description":"Wholesome parathas with generous seasoned potato stuffing; served with curd, salad and pickle.","imageId":"lmk613cpvduypzddr62f","isVeg":1,"price":9000,"variants":{},"variantsV2":{},"addons":[{"groupId":"80280870","groupName":"Butter","choices":[{"id":"64926288","name":"Butter","price":2000,"inStock":1,"isVeg":1,"isEnabled":1}],"maxAddons":-1,"maxFreeAddons":-1},{"groupId":"80280871","groupName":"Accompaniments","choices":[{"id":"64926289","name":"Dahi ( Curd )","price":2000,"inStock":1,"isVeg":1,"isEnabled":1}],"maxAddons":-1,"maxFreeAddons":-1}],"itemAttribute":{"vegClassifier":"VEG"},"ribbon":{"text":"Bestseller","textColor":"#ffffff","topBackgroundColor":"#d53d4c","bottomBackgroundColor":"#b02331"},"type":"ITEM","itemBadge":{},"badgesV2":{},"isBestseller":true,"ratings":{"aggregatedRating":{"rating":"4.4","ratingCount":"334 ratings","ratingCountV2":"334"}}},"analytics":{},"hideRestaurantDetails":true}},{"card":{"@type":"type.googleapis.com/swiggy.presentation.food.v2.Dish","info":{"id":"39451438","name":"Methi Paratha","category":"Paratha","description":"Soft parathas stuffed with fenugreek leaves, served with butter, sauce, and pickle.","imageId":"umfs89ooby4dufetv1wk","isVeg":1,"price":9000,"variants":{},"variantsV2":{},"addons":[{"groupId":"80280874","groupName":"Butter","choices":[{"id":"64926288","name":"Butter","price":2000,"inStock":1,"isVeg":1,"isEnabled":1}],"maxAddons":-1,"maxFreeAddons":-1},{"groupId":"80280875","groupName":"Accompaniments","choices":[{"id":"64926289","name":"Dahi ( Curd )","price":2000,"inStock":1,"isVeg":1,"isEnabled":1}],"maxAddons":-1,"maxFreeAddons":-1}],"itemAttribute":{"vegClassifier":"VEG"},"ribbon":{"text":"Bestseller","textColor":"#ffffff","topBackgroundColor":"#d53d4c","bottomBackgroundColor":"#b02331"},"type":"ITEM","itemBadge":{},"badgesV2":{},"isBestseller":true,"ratings":{"aggregatedRating":{"rating":"4.4","ratingCount":"202 ratings","ratingCountV2":"202"}}},"analytics":{},"hideRestaurantDetails":true}},{"card":{"@type":"type.googleapis.com/swiggy.presentation.food.v2.Dish","info":{"id":"39451439","name":"Mixed Veg Paratha","category":"Paratha","description":"Perfectly made paratha stuffed with veggies; served along with delicious raita and fresh salad.","imageId":"ov90ughckeqz6wslhnor","isVeg":1,"price":9000,"variants":{},"variantsV2":{},"addons":[{"groupId":"80280878","groupName":"Butter","choices":[{"id":"64926288","name":"Butter","price":2000,"inStock":1,"isVeg":1,"isEnabled":1}],"maxAddons":-1,"maxFreeAddons":-1},{"groupId":"80280881","groupName":"Accompaniments","choices":[{"id":"64926289","name":"Dahi ( Curd )","price":2000,"inStock":1,"isVeg":1,"isEnabled":1}],"maxAddons":-1,"maxFreeAddons":-1}],"itemAttribute":{"vegClassifier":"VEG"},"ribbon":{"text":"Bestseller","textColor":"#ffffff","topBackgroundColor":"#d53d4c","bottomBackgroundColor":"#b02331"},"type":"ITEM","itemBadge":{},"badgesV2":{},"isBestseller":true,"ratings":{"aggregatedRating":{"rating":"4.1","ratingCount":"91 ratings","ratingCountV2":"91"}}},"analytics":{},"hideRestaurantDetails":true}},{"card":{"@type":"type.googleapis.com/swiggy.presentation.food.v2.Dish","info":{"id":"39451440","name":"Kothimer Thalipith","category":"Paratha","description":"A flavorful and savory paratha with a unique twist. Serves 1","isVeg":1,"price":9000,"variants":{},"variantsV2":{},"addons":[{"groupId":"80280636","groupName":"Butter","choices":[{"id":"64926288","name":"Butter","price":2000,"inStock":1,"isVeg":1,"isEnabled":1}],"maxAddons":-1,"maxFreeAddons":-1},{"groupId":"80280637","groupName":"Accompaniments","choices":[{"id":"64926289","name":"Dahi ( Curd )","price":2000,"inStock":1,"isVeg":1,"isEnabled":1}],"maxAddons":-1,"maxFreeAddons":-1}],"itemAttribute":{"vegClassifier":"VEG"},"ribbon":{},"type":"ITEM","itemBadge":{},"badgesV2":{},"ratings":{"aggregatedRating":{"rating":"4.6","ratingCount":"254 ratings","ratingCountV2":"254"}}},"analytics":{},"hideRestaurantDetails":true}},{"card":{"@type":"type.googleapis.com/swiggy.presentation.food.v2.Dish","info":{"id":"39451442","name":"Bhajni Thalipith","category":"Paratha","description":"A savory and satisfying veg paratha with a crispy exterior and soft interior. Serves 1","isVeg":1,"price":9000,"variants":{},"variantsV2":{},"addons":[{"groupId":"80280641","groupName":"Accompaniments","choices":[{"id":"64926289","name":"Dahi ( Curd )","price":2000,"inStock":1,"isVeg":1,"isEnabled":1}],"maxAddons":-1,"maxFreeAddons":-1},{"groupId":"80280640","groupName":"Butter","choices":[{"id":"64926288","name":"Butter","price":2000,"inStock":1,"isVeg":1,"isEnabled":1}],"maxAddons":-1,"maxFreeAddons":-1}],"itemAttribute":{"vegClassifier":"VEG"},"ribbon":{},"type":"ITEM","itemBadge":{},"badgesV2":{},"ratings":{"aggregatedRating":{"rating":"4.3","ratingCount":"83 ratings","ratingCountV2":"83"}}},"analytics":{},"hideRestaurantDetails":true}},{"card":{"@type":"type.googleapis.com/swiggy.presentation.food.v2.Dish","info":{"id":"39451443","name":"Dhirade","category":"Paratha","isVeg":1,"price":9000,"variants":{},"variantsV2":{},"addons":[{"groupId":"80280645","groupName":"Butter","choices":[{"id":"64926288","name":"Butter","price":2000,"inStock":1,"isVeg":1,"isEnabled":1}],"maxAddons":-1,"maxFreeAddons":-1},{"groupId":"80280646","groupName":"Accompaniments","choices":[{"id":"64926289","name":"Dahi ( Curd )","price":2000,"inStock":1,"isVeg":1,"isEnabled":1}],"maxAddons":-1,"maxFreeAddons":-1}],"itemAttribute":{"vegClassifier":"VEG"},"ribbon":{},"type":"ITEM","itemBadge":{},"badgesV2":{},"ratings":{"aggregatedRating":{"rating":"4.8","ratingCount":"32 ratings","ratingCountV2":"32"}}},"analytics":{},"hideRestaurantDetails":true}},{"card":{"@type":"type.googleapis.com/swiggy.presentation.food.v2.Dish","info":{"id":"97096840","name":"Extra Dahi ( Curd )","category":"Paratha","isVeg":1,"price":2000,"variants":{},"variantsV2":{},"itemAttribute":{"vegClassifier":"VEG"},"ribbon":{},"type":"ITEM","itemBadge":{},"badgesV2":{},"ratings":{"aggregatedRating":{"rating":"4.5","ratingCount":"10 ratings","ratingCountV2":"10"}}},"analytics":{},"hideRestaurantDetails":true}},{"card":{"@type":"type.googleapis.com/swiggy.presentation.food.v2.Dish","info":{"id":"97098038","name":"Extra Kolhapuri Thecha","category":"Paratha","isVeg":1,"price":2000,"variants":{},"variantsV2":{},"itemAttribute":{"vegClassifier":"VEG"},"ribbon":{},"type":"ITEM","itemBadge":{},"badgesV2":{},"ratings":{"aggregatedRating":{"rating":"4.5","ratingCount":"26 ratings","ratingCountV2":"26"}}},"analytics":{},"hideRestaurantDetails":true}}]}}},{"card":{"card":{"@type":"type.googleapis.com/swiggy.presentation.food.v2.ItemCategory","title":"Green Vegtables","itemCards":[{"card":{"@type":"type.googleapis.com/swiggy.presentation.food.v2.Dish","info":{"id":"109968751","name":"Methwani","category":"Green Vegtables","isVeg":1,"price":15000,"variants":{},"variantsV2":{},"itemAttribute":{"vegClassifier":"VEG"},"ribbon":{},"type":"ITEM","itemBadge":{},"badgesV2":{},"ratings":{"aggregatedRating":{}}},"analytics":{},"hideRestaurantDetails":true}},{"card":{"@type":"type.googleapis.com/swiggy.presentation.food.v2.Dish","info":{"id":"72360620","name":"Dal Shepu","category":"Green Vegtables","isVeg":1,"price":15000,"variants":{},"variantsV2":{},"itemAttribute":{"vegClassifier":"VEG"},"ribbon":{},"type":"ITEM","itemBadge":{},"badgesV2":{},"ratings":{"aggregatedRating":{"rating":"5.0","ratingCount":"4 ratings","ratingCountV2":"4"}}},"analytics":{},"hideRestaurantDetails":true}},{"card":{"@type":"type.googleapis.com/swiggy.presentation.food.v2.Dish","info":{"id":"109968754","name":"Shepu Bhaji","category":"Green Vegtables","isVeg":1,"price":14000,"variants":{},"variantsV2":{},"itemAttribute":{"vegClassifier":"VEG"},"ribbon":{},"type":"ITEM","itemBadge":{},"badgesV2":{},"ratings":{"aggregatedRating":{}}},"analytics":{},"hideRestaurantDetails":true}},{"card":{"@type":"type.googleapis.com/swiggy.presentation.food.v2.Dish","info":{"id":"39451455","name":"Lehsuni Methi","category":"Green Vegtables","description":"A savory dish full of flavor and nutrients- perfect for green vegetable lovers. Serves 1","isVeg":1,"price":16000,"variants":{},"variantsV2":{},"itemAttribute":{"vegClassifier":"VEG"},"ribbon":{},"type":"ITEM","itemBadge":{},"badgesV2":{},"ratings":{"aggregatedRating":{"rating":"4.6","ratingCount":"54 ratings","ratingCountV2":"54"}}},"analytics":{},"hideRestaurantDetails":true}}]}}},{"card":{"card":{"@type":"type.googleapis.com/swiggy.presentation.food.v2.ItemCategory","title":"Breakfast","itemCards":[{"card":{"@type":"type.googleapis.com/swiggy.presentation.food.v2.Dish","info":{"id":"39451420","name":"Special Vada Rassa","category":"Breakfast","description":" Single vada + rassa + 2 butter pav + dahi + papad + kanda limbu","isVeg":1,"price":9000,"variants":{},"variantsV2":{},"itemAttribute":{"vegClassifier":"VEG"},"ribbon":{},"type":"ITEM","itemBadge":{},"badgesV2":{},"ratings":{"aggregatedRating":{"rating":"4.4","ratingCount":"41 ratings","ratingCountV2":"41"}}},"analytics":{},"hideRestaurantDetails":true}},{"card":{"@type":"type.googleapis.com/swiggy.presentation.food.v2.Dish","info":{"id":"39451418","name":"Special Misal","category":"Breakfast","description":"Misal + 2 butter pav + dahi + papad + kanda limbu","imageId":"qicdihejzowdcfmhyev1","isVeg":1,"price":9000,"variants":{},"variantsV2":{},"itemAttribute":{"vegClassifier":"VEG"},"ribbon":{},"type":"ITEM","itemBadge":{},"badgesV2":{},"ratings":{"aggregatedRating":{"rating":"4.3","ratingCount":"132 ratings","ratingCountV2":"132"}}},"analytics":{},"hideRestaurantDetails":true}},{"card":{"@type":"type.googleapis.com/swiggy.presentation.food.v2.Dish","info":{"id":"96684337","name":"Shev Rassa","category":"Breakfast","description":"Shev + rassa + 2 pav + papad + dahi + kanda limbu","isVeg":1,"price":9000,"variants":{},"variantsV2":{},"itemAttribute":{"vegClassifier":"VEG"},"ribbon":{},"type":"ITEM","itemBadge":{},"badgesV2":{},"ratings":{"aggregatedRating":{}}},"analytics":{},"hideRestaurantDetails":true}},{"card":{"@type":"type.googleapis.com/swiggy.presentation.food.v2.Dish","info":{"id":"82557309","name":"Gulacha Shira","category":"Breakfast","isVeg":1,"price":7000,"variants":{},"variantsV2":{},"itemAttribute":{"vegClassifier":"VEG"},"ribbon":{},"type":"ITEM","itemBadge":{},"badgesV2":{},"ratings":{"aggregatedRating":{"rating":"3.4","ratingCount":"16 ratings","ratingCountV2":"16"}}},"analytics":{},"hideRestaurantDetails":true}},{"card":{"@type":"type.googleapis.com/swiggy.presentation.food.v2.Dish","info":{"id":"39451417","name":"Policha Churma","category":"Breakfast","isVeg":1,"price":15000,"variants":{},"variantsV2":{},"itemAttribute":{"vegClassifier":"VEG"},"ribbon":{},"type":"ITEM","itemBadge":{},"badgesV2":{},"ratings":{"aggregatedRating":{"rating":"4.6","ratingCount":"38 ratings","ratingCountV2":"38"}}},"analytics":{},"hideRestaurantDetails":true}},{"card":{"@type":"type.googleapis.com/swiggy.presentation.food.v2.Dish","info":{"id":"39451421","name":"Butter Pav Bhaji","category":"Breakfast","description":"Butter-laden pavs accompanied by a delicious and healthy gravy of mashed vegetables, topped with dollops of butter.","imageId":"xo68ztjji9rfnkvaokhl","isVeg":1,"price":10000,"variants":{},"variantsV2":{},"addons":[{"groupId":"13356941","groupName":"Addons","choices":[{"id":"14598432","name":"Masala Butter Milk","price":3000,"inStock":1,"isVeg":1,"isEnabled":1}],"maxAddons":-1,"maxFreeAddons":-1}],"itemAttribute":{"vegClassifier":"VEG"},"ribbon":{},"type":"ITEM","itemBadge":{},"badgesV2":{},"ratings":{"aggregatedRating":{"rating":"3.6","ratingCount":"46 ratings","ratingCountV2":"46"}}},"analytics":{},"hideRestaurantDetails":true}},{"card":{"@type":"type.googleapis.com/swiggy.presentation.food.v2.Dish","info":{"id":"39451422","name":"Puri Bhaji","category":"Breakfast","description":"Fluffy and crispy puri served with flavor-packed bhaji.","imageId":"qmlnophisciscqhejjre","isVeg":1,"price":9000,"variants":{},"variantsV2":{},"addons":[{"groupId":"13356938","groupName":"Addons","choices":[{"id":"14598432","name":"Masala Butter Milk","price":3000,"inStock":1,"isVeg":1,"isEnabled":1}],"maxAddons":-1,"maxFreeAddons":-1}],"itemAttribute":{"vegClassifier":"VEG"},"ribbon":{},"type":"ITEM","itemBadge":{},"badgesV2":{},"ratings":{"aggregatedRating":{"rating":"4.2","ratingCount":"199 ratings","ratingCountV2":"199"}}},"analytics":{},"hideRestaurantDetails":true}},{"card":{"@type":"type.googleapis.com/swiggy.presentation.food.v2.Dish","info":{"id":"96868605","name":"Extra Puri ( 5 Pcs )","category":"Breakfast","isVeg":1,"price":4000,"variants":{},"variantsV2":{},"itemAttribute":{"vegClassifier":"VEG"},"ribbon":{},"type":"ITEM","itemBadge":{},"badgesV2":{},"ratings":{"aggregatedRating":{"rating":"4.3","ratingCount":"19 ratings","ratingCountV2":"19"}}},"analytics":{},"hideRestaurantDetails":true}},{"card":{"@type":"type.googleapis.com/swiggy.presentation.food.v2.Dish","info":{"id":"39451424","name":"Onion Pakoda","category":"Breakfast","isVeg":1,"price":7000,"variants":{},"variantsV2":{},"itemAttribute":{"vegClassifier":"VEG"},"ribbon":{},"type":"ITEM","itemBadge":{},"badgesV2":{},"ratings":{"aggregatedRating":{"rating":"4.5","ratingCount":"38 ratings","ratingCountV2":"38"}}},"analytics":{},"hideRestaurantDetails":true}},{"card":{"@type":"type.googleapis.com/swiggy.presentation.food.v2.Dish","info":{"id":"39451425","name":"Mixed Pakoda","category":"Breakfast","isVeg":1,"price":6000,"variants":{},"variantsV2":{},"itemAttribute":{"vegClassifier":"VEG"},"ribbon":{},"type":"ITEM","itemBadge":{},"badgesV2":{},"ratings":{"aggregatedRating":{"rating":"4.6","ratingCount":"31 ratings","ratingCountV2":"31"}}},"analytics":{},"hideRestaurantDetails":true}},{"card":{"@type":"type.googleapis.com/swiggy.presentation.food.v2.Dish","info":{"id":"39451426","name":"Aloo Pakoda","category":"Breakfast","isVeg":1,"price":6000,"variants":{},"variantsV2":{},"itemAttribute":{"vegClassifier":"VEG"},"ribbon":{},"type":"ITEM","itemBadge":{},"badgesV2":{},"ratings":{"aggregatedRating":{"rating":"4.9","ratingCount":"34 ratings","ratingCountV2":"34"}}},"analytics":{},"hideRestaurantDetails":true}},{"card":{"@type":"type.googleapis.com/swiggy.presentation.food.v2.Dish","info":{"id":"39451428","name":"Mirchi Pakoda","category":"Breakfast","isVeg":1,"price":6000,"variants":{},"variantsV2":{},"itemAttribute":{"vegClassifier":"VEG"},"ribbon":{},"type":"ITEM","itemBadge":{},"badgesV2":{},"ratings":{"aggregatedRating":{"rating":"3.9","ratingCount":"25 ratings","ratingCountV2":"25"}}},"analytics":{},"hideRestaurantDetails":true}},{"card":{"@type":"type.googleapis.com/swiggy.presentation.food.v2.Dish","info":{"id":"39451429","name":"Upma","category":"Breakfast","isVeg":1,"price":6000,"variants":{},"variantsV2":{},"itemAttribute":{"vegClassifier":"VEG"},"ribbon":{},"type":"ITEM","itemBadge":{},"badgesV2":{},"ratings":{"aggregatedRating":{"rating":"4.6","ratingCount":"76 ratings","ratingCountV2":"76"}}},"analytics":{},"hideRestaurantDetails":true}},{"card":{"@type":"type.googleapis.com/swiggy.presentation.food.v2.Dish","info":{"id":"39451430","name":"Suji Halwa","category":"Breakfast","isVeg":1,"price":6000,"variants":{},"variantsV2":{},"itemAttribute":{"vegClassifier":"VEG"},"ribbon":{},"type":"ITEM","itemBadge":{},"badgesV2":{},"ratings":{"aggregatedRating":{"rating":"4.5","ratingCount":"24 ratings","ratingCountV2":"24"}}},"analytics":{},"hideRestaurantDetails":true}},{"card":{"@type":"type.googleapis.com/swiggy.presentation.food.v2.Dish","info":{"id":"39451432","name":"Sanja","category":"Breakfast","isVeg":1,"price":5000,"variants":{},"variantsV2":{},"itemAttribute":{"vegClassifier":"VEG"},"ribbon":{},"type":"ITEM","itemBadge":{},"badgesV2":{},"ratings":{"aggregatedRating":{"rating":"5.0","ratingCount":"13 ratings","ratingCountV2":"13"}}},"analytics":{},"hideRestaurantDetails":true}},{"card":{"@type":"type.googleapis.com/swiggy.presentation.food.v2.Dish","info":{"id":"39451433","name":"Poha","category":"Breakfast","description":"Flattened rice sauteed along with select vegetables.","imageId":"bvocbeqqnn2hvt0oykwc","isVeg":1,"price":3500,"variants":{},"variantsV2":{},"itemAttribute":{"vegClassifier":"VEG"},"ribbon":{},"type":"ITEM","itemBadge":{},"badgesV2":{},"ratings":{"aggregatedRating":{"rating":"4.7","ratingCount":"182 ratings","ratingCountV2":"182"}}},"analytics":{},"hideRestaurantDetails":true}},{"card":{"@type":"type.googleapis.com/swiggy.presentation.food.v2.Dish","info":{"id":"87825968","name":"Batata Vada ","category":"Breakfast","description":" a delicious spice and crispy ","isVeg":1,"price":2000,"variants":{},"variantsV2":{},"itemAttribute":{"vegClassifier":"VEG"},"ribbon":{},"type":"ITEM","itemBadge":{},"badgesV2":{},"ratings":{"aggregatedRating":{"rating":"4.9","ratingCount":"55 ratings","ratingCountV2":"55"}}},"analytics":{},"hideRestaurantDetails":true}},{"card":{"@type":"type.googleapis.com/swiggy.presentation.food.v2.Dish","info":{"id":"96684339","name":"Extra Pav","category":"Breakfast","isVeg":1,"price":1000,"variants":{},"variantsV2":{},"itemAttribute":{"vegClassifier":"VEG"},"ribbon":{},"type":"ITEM","itemBadge":{},"badgesV2":{},"ratings":{"aggregatedRating":{"rating":"4.3","ratingCount":"20 ratings","ratingCountV2":"20"}}},"analytics":{},"hideRestaurantDetails":true}}]}}},{"card":{"card":{"@type":"type.googleapis.com/swiggy.presentation.food.v2.ItemCategory","title":"Punjabi Dish Special","itemCards":[{"card":{"@type":"type.googleapis.com/swiggy.presentation.food.v2.Dish","info":{"id":"39451507","name":"Butter Paneer Masala","category":"Punjabi Dish Special","description":"A rich and creamy vegetarian curry perfect for Punjabi cuisine lovers. Serves 1","imageId":"wkpqhkmn7tobfzk6sjz7","isVeg":1,"price":18000,"variants":{},"variantsV2":{},"itemAttribute":{"vegClassifier":"VEG"},"ribbon":{},"type":"ITEM","itemBadge":{},"badgesV2":{},"ratings":{"aggregatedRating":{"rating":"4.1","ratingCount":"26 ratings","ratingCountV2":"26"}}},"analytics":{},"hideRestaurantDetails":true}},{"card":{"@type":"type.googleapis.com/swiggy.presentation.food.v2.Dish","info":{"id":"109968770","name":"Aloo Mutter (dry)","category":"Punjabi Dish Special","isVeg":1,"price":14000,"variants":{},"variantsV2":{},"itemAttribute":{"vegClassifier":"VEG"},"ribbon":{},"type":"ITEM","itemBadge":{},"badgesV2":{},"ratings":{"aggregatedRating":{"rating":"5.0","ratingCount":"5 ratings","ratingCountV2":"5"}}},"analytics":{},"hideRestaurantDetails":true}},{"card":{"@type":"type.googleapis.com/swiggy.presentation.food.v2.Dish","info":{"id":"39451508","name":"Paneer Tikka Masala","category":"Punjabi Dish Special","imageId":"uc7fwuxeeyklxdtecljv","isVeg":1,"price":18000,"variants":{},"variantsV2":{},"itemAttribute":{"vegClassifier":"VEG"},"ribbon":{},"type":"ITEM","itemBadge":{},"badgesV2":{},"ratings":{"aggregatedRating":{"rating":"3.0","ratingCount":"47 ratings","ratingCountV2":"47"}}},"analytics":{},"hideRestaurantDetails":true}},{"card":{"@type":"type.googleapis.com/swiggy.presentation.food.v2.Dish","info":{"id":"109968771","name":"Butter Aloo Mutter ( Thick Gravy )","category":"Punjabi Dish Special","isVeg":1,"price":15000,"variants":{},"variantsV2":{},"itemAttribute":{"vegClassifier":"VEG"},"ribbon":{},"type":"ITEM","itemBadge":{},"badgesV2":{},"ratings":{"aggregatedRating":{}}},"analytics":{},"hideRestaurantDetails":true}},{"card":{"@type":"type.googleapis.com/swiggy.presentation.food.v2.Dish","info":{"id":"39451509","name":"Paneer Masala","category":"Punjabi Dish Special","imageId":"l6msngh2venxntevwbbb","isVeg":1,"price":16500,"variants":{},"variantsV2":{},"itemAttribute":{"vegClassifier":"VEG"},"ribbon":{},"type":"ITEM","itemBadge":{},"badgesV2":{},"ratings":{"aggregatedRating":{"rating":"4.3","ratingCount":"22 ratings","ratingCountV2":"22"}}},"analytics":{},"hideRestaurantDetails":true}},{"card":{"@type":"type.googleapis.com/swiggy.presentation.food.v2.Dish","info":{"id":"109968789","name":"Aloo Mutter ( Thick Gravy )","category":"Punjabi Dish Special","isVeg":1,"price":16000,"variants":{},"variantsV2":{},"itemAttribute":{"vegClassifier":"VEG"},"ribbon":{},"type":"ITEM","itemBadge":{},"badgesV2":{},"ratings":{"aggregatedRating":{"rating":"4.7","ratingCount":"3 ratings","ratingCountV2":"3"}}},"analytics":{},"hideRestaurantDetails":true}},{"card":{"@type":"type.googleapis.com/swiggy.presentation.food.v2.Dish","info":{"id":"39451510","name":"Palak Paneer","category":"Punjabi Dish Special","isVeg":1,"price":16000,"variants":{},"variantsV2":{},"itemAttribute":{"vegClassifier":"VEG"},"ribbon":{},"type":"ITEM","itemBadge":{},"badgesV2":{},"ratings":{"aggregatedRating":{"rating":"4.0","ratingCount":"4 ratings","ratingCountV2":"4"}}},"analytics":{},"hideRestaurantDetails":true}},{"card":{"@type":"type.googleapis.com/swiggy.presentation.food.v2.Dish","info":{"id":"109968790","name":"Butter Dal Makhani","category":"Punjabi Dish Special","isVeg":1,"price":15000,"variants":{},"variantsV2":{},"itemAttribute":{"vegClassifier":"VEG"},"ribbon":{},"type":"ITEM","itemBadge":{},"badgesV2":{},"ratings":{"aggregatedRating":{}}},"analytics":{},"hideRestaurantDetails":true}},{"card":{"@type":"type.googleapis.com/swiggy.presentation.food.v2.Dish","info":{"id":"39451419","name":"Aloo Palak","category":"Punjabi Dish Special","isVeg":1,"price":15000,"variants":{},"variantsV2":{},"itemAttribute":{"vegClassifier":"VEG"},"ribbon":{},"type":"ITEM","itemBadge":{},"badgesV2":{},"ratings":{"aggregatedRating":{"rating":"3.7","ratingCount":"8 ratings","ratingCountV2":"8"}}},"analytics":{},"hideRestaurantDetails":true}},{"card":{"@type":"type.googleapis.com/swiggy.presentation.food.v2.Dish","info":{"id":"109968792","name":"Dal Makhani","category":"Punjabi Dish Special","isVeg":1,"price":14000,"variants":{},"variantsV2":{},"itemAttribute":{"vegClassifier":"VEG"},"ribbon":{},"type":"ITEM","itemBadge":{},"badgesV2":{},"ratings":{"aggregatedRating":{}}},"analytics":{},"hideRestaurantDetails":true}},{"card":{"@type":"type.googleapis.com/swiggy.presentation.food.v2.Dish","info":{"id":"39451427","name":"Butter Dal Tadka","category":"Punjabi Dish Special","isVeg":1,"price":15000,"variants":{},"variantsV2":{},"itemAttribute":{"vegClassifier":"VEG"},"ribbon":{},"type":"ITEM","itemBadge":{},"badgesV2":{},"ratings":{"aggregatedRating":{"rating":"5.0","ratingCount":"4 ratings","ratingCountV2":"4"}}},"analytics":{},"hideRestaurantDetails":true}},{"card":{"@type":"type.googleapis.com/swiggy.presentation.food.v2.Dish","info":{"id":"109968793","name":"Matar Paneer Masala","category":"Punjabi Dish Special","isVeg":1,"price":17000,"variants":{},"variantsV2":{},"itemAttribute":{"vegClassifier":"VEG"},"ribbon":{},"type":"ITEM","itemBadge":{},"badgesV2":{},"ratings":{"aggregatedRating":{"rating":"4.6","ratingCount":"3 ratings","ratingCountV2":"3"}}},"analytics":{},"hideRestaurantDetails":true}},{"card":{"@type":"type.googleapis.com/swiggy.presentation.food.v2.Dish","info":{"id":"39451431","name":"Butter Dal Fry","category":"Punjabi Dish Special","isVeg":1,"price":15000,"variants":{},"variantsV2":{},"itemAttribute":{"vegClassifier":"VEG"},"ribbon":{},"type":"ITEM","itemBadge":{},"badgesV2":{},"ratings":{"aggregatedRating":{"rating":"4.8","ratingCount":"10 ratings","ratingCountV2":"10"}}},"analytics":{},"hideRestaurantDetails":true}},{"card":{"@type":"type.googleapis.com/swiggy.presentation.food.v2.Dish","info":{"id":"109968794","name":"Paneer Bhurji","category":"Punjabi Dish Special","isVeg":1,"price":18000,"variants":{},"variantsV2":{},"itemAttribute":{"vegClassifier":"VEG"},"ribbon":{},"type":"ITEM","itemBadge":{},"badgesV2":{},"ratings":{"aggregatedRating":{}}},"analytics":{},"hideRestaurantDetails":true}},{"card":{"@type":"type.googleapis.com/swiggy.presentation.food.v2.Dish","info":{"id":"39451437","name":"Dal Tadka","category":"Punjabi Dish Special","description":"A hearty and flavorful Punjabi dish that's sure to satisfy your hunger. Serves 1","imageId":"djkdx35jjzwcrjyaxc9z","isVeg":1,"price":14000,"variants":{},"variantsV2":{},"itemAttribute":{"vegClassifier":"VEG"},"ribbon":{},"type":"ITEM","itemBadge":{},"badgesV2":{},"ratings":{"aggregatedRating":{"rating":"4.8","ratingCount":"41 ratings","ratingCountV2":"41"}}},"analytics":{},"hideRestaurantDetails":true}},{"card":{"@type":"type.googleapis.com/swiggy.presentation.food.v2.Dish","info":{"id":"109968795","name":"Veg Kolhpuri","category":"Punjabi Dish Special","isVeg":1,"price":15000,"variants":{},"variantsV2":{},"itemAttribute":{"vegClassifier":"VEG"},"ribbon":{},"type":"ITEM","itemBadge":{},"badgesV2":{},"ratings":{"aggregatedRating":{"rating":"3.8","ratingCount":"4 ratings","ratingCountV2":"4"}}},"analytics":{},"hideRestaurantDetails":true}},{"card":{"@type":"type.googleapis.com/swiggy.presentation.food.v2.Dish","info":{"id":"39451441","name":"Dal Fry","category":"Punjabi Dish Special","isVeg":1,"price":14000,"variants":{},"variantsV2":{},"itemAttribute":{"vegClassifier":"VEG"},"ribbon":{},"type":"ITEM","itemBadge":{},"badgesV2":{},"ratings":{"aggregatedRating":{"rating":"4.6","ratingCount":"20 ratings","ratingCountV2":"20"}}},"analytics":{},"hideRestaurantDetails":true}},{"card":{"@type":"type.googleapis.com/swiggy.presentation.food.v2.Dish","info":{"id":"39451448","name":"Aloo Jeera","category":"Punjabi Dish Special","isVeg":1,"price":14000,"variants":{},"variantsV2":{},"itemAttribute":{"vegClassifier":"VEG"},"ribbon":{},"type":"ITEM","itemBadge":{},"badgesV2":{},"ratings":{"aggregatedRating":{"rating":"4.2","ratingCount":"8 ratings","ratingCountV2":"8"}}},"analytics":{},"hideRestaurantDetails":true}},{"card":{"@type":"type.googleapis.com/swiggy.presentation.food.v2.Dish","info":{"id":"39451452","name":"Mixed Veg","category":"Punjabi Dish Special","isVeg":1,"price":15000,"variants":{},"variantsV2":{},"itemAttribute":{"vegClassifier":"VEG"},"ribbon":{},"type":"ITEM","itemBadge":{},"badgesV2":{},"ratings":{"aggregatedRating":{"rating":"3.8","ratingCount":"11 ratings","ratingCountV2":"11"}}},"analytics":{},"hideRestaurantDetails":true}}]}}},{"card":{"card":{"@type":"type.googleapis.com/swiggy.presentation.food.v2.ItemCategory","title":"Indian Bread","itemCards":[{"card":{"@type":"type.googleapis.com/swiggy.presentation.food.v2.Dish","info":{"id":"39451460","name":"Puran Poli","category":"Indian Bread","description":"A sweet roti from Maharashtra made with wheat with sweetened, ground yellow gram stuffing.","isVeg":1,"price":6000,"variants":{},"variantsV2":{},"addons":[{"groupId":"80280700","groupName":"Accompaniments","choices":[{"id":"64926289","name":"Dahi ( Curd )","price":2000,"inStock":1,"isVeg":1,"isEnabled":1}],"maxAddons":-1,"maxFreeAddons":-1},{"groupId":"80280699","groupName":"Butter","choices":[{"id":"64926288","name":"Butter","price":2000,"inStock":1,"isVeg":1,"isEnabled":1}],"maxAddons":-1,"maxFreeAddons":-1}],"itemAttribute":{"vegClassifier":"VEG"},"ribbon":{"text":"Bestseller","textColor":"#ffffff","topBackgroundColor":"#d53d4c","bottomBackgroundColor":"#b02331"},"type":"ITEM","itemBadge":{},"badgesV2":{},"isBestseller":true,"ratings":{"aggregatedRating":{"rating":"4.4","ratingCount":"172 ratings","ratingCountV2":"172"}}},"analytics":{},"hideRestaurantDetails":true}},{"card":{"@type":"type.googleapis.com/swiggy.presentation.food.v2.Dish","info":{"id":"109966161","name":"Multigrain Bhakri ( Special For Diabetes Patient )30","category":"Indian Bread","isVeg":1,"price":3000,"variants":{},"variantsV2":{},"itemAttribute":{"vegClassifier":"VEG"},"ribbon":{},"type":"ITEM","itemBadge":{},"badgesV2":{},"ratings":{"aggregatedRating":{"rating":"4.2","ratingCount":"8 ratings","ratingCountV2":"8"}}},"analytics":{},"hideRestaurantDetails":true}},{"card":{"@type":"type.googleapis.com/swiggy.presentation.food.v2.Dish","info":{"id":"39451464","name":"Phulke (5 Pcs)","category":"Indian Bread","description":"Fluffy, aromatic Indian breads perfect for soaking up delicious curries and sauces. Serves 1","isVeg":1,"price":6000,"variants":{},"variantsV2":{},"addons":[{"groupId":"80280706","groupName":"Accompaniments","choices":[{"id":"64926289","name":"Dahi ( Curd )","price":2000,"inStock":1,"isVeg":1,"isEnabled":1}],"maxAddons":-1,"maxFreeAddons":-1},{"groupId":"80280705","groupName":"Butter","choices":[{"id":"64926288","name":"Butter","price":2000,"inStock":1,"isVeg":1,"isEnabled":1}],"maxAddons":-1,"maxFreeAddons":-1}],"itemAttribute":{"vegClassifier":"VEG"},"ribbon":{"text":"Bestseller","textColor":"#ffffff","topBackgroundColor":"#d53d4c","bottomBackgroundColor":"#b02331"},"type":"ITEM","itemBadge":{},"badgesV2":{},"isBestseller":true,"ratings":{"aggregatedRating":{"rating":"4.6","ratingCount":"163 ratings","ratingCountV2":"163"}}},"analytics":{},"hideRestaurantDetails":true}},{"card":{"@type":"type.googleapis.com/swiggy.presentation.food.v2.Dish","info":{"id":"39451467","name":"Bajra Bhakri","category":"Indian Bread","description":"A traditional Indian bread made with a hearty and nutty grain. Serves 1","imageId":"orlj65vyllct0z3kno16","isVeg":1,"price":3000,"variants":{},"variantsV2":{},"addons":[{"groupId":"80280708","groupName":"Butter","choices":[{"id":"64926288","name":"Butter","price":2000,"inStock":1,"isVeg":1,"isEnabled":1}],"maxAddons":-1,"maxFreeAddons":-1},{"groupId":"80280710","groupName":"Accompaniments","choices":[{"id":"64926289","name":"Dahi ( Curd )","price":2000,"inStock":1,"isVeg":1,"isEnabled":1}],"maxAddons":-1,"maxFreeAddons":-1}],"itemAttribute":{"vegClassifier":"VEG"},"ribbon":{},"type":"ITEM","itemBadge":{},"badgesV2":{},"ratings":{"aggregatedRating":{"rating":"4.6","ratingCount":"205 ratings","ratingCountV2":"205"}}},"analytics":{},"hideRestaurantDetails":true}},{"card":{"@type":"type.googleapis.com/swiggy.presentation.food.v2.Dish","info":{"id":"39451470","name":"Butter Bajra Bhakri","category":"Indian Bread","isVeg":1,"price":3500,"variants":{},"variantsV2":{},"addons":[{"groupId":"80280714","groupName":"Butter","choices":[{"id":"64926288","name":"Butter","price":2000,"inStock":1,"isVeg":1,"isEnabled":1}],"maxAddons":-1,"maxFreeAddons":-1},{"groupId":"80280716","groupName":"Accompaniments","choices":[{"id":"64926289","name":"Dahi ( Curd )","price":2000,"inStock":1,"isVeg":1,"isEnabled":1}],"maxAddons":-1,"maxFreeAddons":-1}],"itemAttribute":{"vegClassifier":"VEG"},"ribbon":{},"type":"ITEM","itemBadge":{},"badgesV2":{},"ratings":{"aggregatedRating":{"rating":"5.0","ratingCount":"8 ratings","ratingCountV2":"8"}}},"analytics":{},"hideRestaurantDetails":true}},{"card":{"@type":"type.googleapis.com/swiggy.presentation.food.v2.Dish","info":{"id":"39451474","name":"Jawar Bhakri","category":"Indian Bread","description":"A traditional and flavorful Indian bread with a unique texture. Serves 1","isVeg":1,"price":3000,"variants":{},"variantsV2":{},"addons":[{"groupId":"80280719","groupName":"Butter","choices":[{"id":"64926288","name":"Butter","price":2000,"inStock":1,"isVeg":1,"isEnabled":1}],"maxAddons":-1,"maxFreeAddons":-1},{"groupId":"80280721","groupName":"Accompaniments","choices":[{"id":"64926289","name":"Dahi ( Curd )","price":2000,"inStock":1,"isVeg":1,"isEnabled":1}],"maxAddons":-1,"maxFreeAddons":-1}],"itemAttribute":{"vegClassifier":"VEG"},"ribbon":{},"type":"ITEM","itemBadge":{},"badgesV2":{},"ratings":{"aggregatedRating":{"rating":"4.6","ratingCount":"210 ratings","ratingCountV2":"210"}}},"analytics":{},"hideRestaurantDetails":true}},{"card":{"@type":"type.googleapis.com/swiggy.presentation.food.v2.Dish","info":{"id":"39451478","name":"Butter Jawar Bhakri","category":"Indian Bread","isVeg":1,"price":3500,"variants":{},"variantsV2":{},"addons":[{"groupId":"80280726","groupName":"Accompaniments","choices":[{"id":"64926289","name":"Dahi ( Curd )","price":2000,"inStock":1,"isVeg":1,"isEnabled":1}],"maxAddons":-1,"maxFreeAddons":-1},{"groupId":"80280725","groupName":"Butter","choices":[{"id":"64926288","name":"Butter","price":2000,"inStock":1,"isVeg":1,"isEnabled":1}],"maxAddons":-1,"maxFreeAddons":-1}],"itemAttribute":{"vegClassifier":"VEG"},"ribbon":{},"type":"ITEM","itemBadge":{},"badgesV2":{},"ratings":{"aggregatedRating":{"rating":"4.9","ratingCount":"12 ratings","ratingCountV2":"12"}}},"analytics":{},"hideRestaurantDetails":true}},{"card":{"@type":"type.googleapis.com/swiggy.presentation.food.v2.Dish","info":{"id":"39451481","name":"Nagli Bhakri","category":"Indian Bread","description":"A hearty and wholesome Indian bread perfect for any vegetarian meal. Serves 1","isVeg":1,"price":3000,"variants":{},"variantsV2":{},"addons":[{"groupId":"80280728","groupName":"Butter","choices":[{"id":"64926288","name":"Butter","price":2000,"inStock":1,"isVeg":1,"isEnabled":1}],"maxAddons":-1,"maxFreeAddons":-1},{"groupId":"80280730","groupName":"Accompaniments","choices":[{"id":"64926289","name":"Dahi ( Curd )","price":2000,"inStock":1,"isVeg":1,"isEnabled":1}],"maxAddons":-1,"maxFreeAddons":-1}],"itemAttribute":{"vegClassifier":"VEG"},"ribbon":{},"type":"ITEM","itemBadge":{},"badgesV2":{},"ratings":{"aggregatedRating":{"rating":"4.9","ratingCount":"48 ratings","ratingCountV2":"48"}}},"analytics":{},"hideRestaurantDetails":true}},{"card":{"@type":"type.googleapis.com/swiggy.presentation.food.v2.Dish","info":{"id":"39451482","name":"Butter Nagli Bhakri","category":"Indian Bread","isVeg":1,"price":3500,"variants":{},"variantsV2":{},"addons":[{"groupId":"80280735","groupName":"Accompaniments","choices":[{"id":"64926289","name":"Dahi ( Curd )","price":2000,"inStock":1,"isVeg":1,"isEnabled":1}],"maxAddons":-1,"maxFreeAddons":-1},{"groupId":"80280732","groupName":"Butter","choices":[{"id":"64926288","name":"Butter","price":2000,"inStock":1,"isVeg":1,"isEnabled":1}],"maxAddons":-1,"maxFreeAddons":-1}],"itemAttribute":{"vegClassifier":"VEG"},"ribbon":{},"type":"ITEM","itemBadge":{},"badgesV2":{},"ratings":{"aggregatedRating":{"rating":"5.0","ratingCount":"3 ratings","ratingCountV2":"3"}}},"analytics":{},"hideRestaurantDetails":true}},{"card":{"@type":"type.googleapis.com/swiggy.presentation.food.v2.Dish","info":{"id":"39451483","name":"Tandoor Bhakri","category":"Indian Bread","isVeg":1,"price":3000,"variants":{},"variantsV2":{},"addons":[{"groupId":"80280643","groupName":"Butter","choices":[{"id":"64926288","name":"Butter","price":2000,"inStock":1,"isVeg":1,"isEnabled":1}],"maxAddons":-1,"maxFreeAddons":-1},{"groupId":"80280644","groupName":"Accompaniments","choices":[{"id":"64926289","name":"Dahi ( Curd )","price":2000,"inStock":1,"isVeg":1,"isEnabled":1}],"maxAddons":-1,"maxFreeAddons":-1}],"itemAttribute":{"vegClassifier":"VEG"},"ribbon":{},"type":"ITEM","itemBadge":{},"badgesV2":{},"ratings":{"aggregatedRating":{"rating":"5.0","ratingCount":"9 ratings","ratingCountV2":"9"}}},"analytics":{},"hideRestaurantDetails":true}},{"card":{"@type":"type.googleapis.com/swiggy.presentation.food.v2.Dish","info":{"id":"39451484","name":"Butter Tandoor Bhakri","category":"Indian Bread","isVeg":1,"price":3500,"variants":{},"variantsV2":{},"addons":[{"groupId":"80280647","groupName":"Butter","choices":[{"id":"64926288","name":"Butter","price":2000,"inStock":1,"isVeg":1,"isEnabled":1}],"maxAddons":-1,"maxFreeAddons":-1},{"groupId":"80280649","groupName":"Accompaniments","choices":[{"id":"64926289","name":"Dahi ( Curd )","price":2000,"inStock":1,"isVeg":1,"isEnabled":1}],"maxAddons":-1,"maxFreeAddons":-1}],"itemAttribute":{"vegClassifier":"VEG"},"ribbon":{},"type":"ITEM","itemBadge":{},"badgesV2":{},"ratings":{"aggregatedRating":{}}},"analytics":{},"hideRestaurantDetails":true}},{"card":{"@type":"type.googleapis.com/swiggy.presentation.food.v2.Dish","info":{"id":"39451485","name":"Kalnyachi Bhakri","category":"Indian Bread","isVeg":1,"price":3000,"variants":{},"variantsV2":{},"addons":[{"groupId":"80280652","groupName":"Accompaniments","choices":[{"id":"64926289","name":"Dahi ( Curd )","price":2000,"inStock":1,"isVeg":1,"isEnabled":1}],"maxAddons":-1,"maxFreeAddons":-1},{"groupId":"80280651","groupName":"Butter","choices":[{"id":"64926288","name":"Butter","price":2000,"inStock":1,"isVeg":1,"isEnabled":1}],"maxAddons":-1,"maxFreeAddons":-1}],"itemAttribute":{"vegClassifier":"VEG"},"ribbon":{},"type":"ITEM","itemBadge":{},"badgesV2":{},"ratings":{"aggregatedRating":{"rating":"4.9","ratingCount":"25 ratings","ratingCountV2":"25"}}},"analytics":{},"hideRestaurantDetails":true}},{"card":{"@type":"type.googleapis.com/swiggy.presentation.food.v2.Dish","info":{"id":"39451486","name":"Butter Kalnyachi Bhakri","category":"Indian Bread","isVeg":1,"price":3500,"variants":{},"variantsV2":{},"addons":[{"groupId":"80280655","groupName":"Butter","choices":[{"id":"64926288","name":"Butter","price":2000,"inStock":1,"isVeg":1,"isEnabled":1}],"maxAddons":-1,"maxFreeAddons":-1},{"groupId":"80280657","groupName":"Accompaniments","choices":[{"id":"64926289","name":"Dahi ( Curd )","price":2000,"inStock":1,"isVeg":1,"isEnabled":1}],"maxAddons":-1,"maxFreeAddons":-1}],"itemAttribute":{"vegClassifier":"VEG"},"ribbon":{},"type":"ITEM","itemBadge":{},"badgesV2":{},"ratings":{"aggregatedRating":{"rating":"4.3","ratingCount":"4 ratings","ratingCountV2":"4"}}},"analytics":{},"hideRestaurantDetails":true}},{"card":{"@type":"type.googleapis.com/swiggy.presentation.food.v2.Dish","info":{"id":"39451487","name":"Tawa Paratha","category":"Indian Bread","isVeg":1,"price":2000,"variants":{},"variantsV2":{},"addons":[{"groupId":"80280659","groupName":"Butter","choices":[{"id":"64926288","name":"Butter","price":2000,"inStock":1,"isVeg":1,"isEnabled":1}],"maxAddons":-1,"maxFreeAddons":-1},{"groupId":"80280660","groupName":"Accompaniments","choices":[{"id":"64926289","name":"Dahi ( Curd )","price":2000,"inStock":1,"isVeg":1,"isEnabled":1}],"maxAddons":-1,"maxFreeAddons":-1}],"itemAttribute":{"vegClassifier":"VEG"},"ribbon":{},"type":"ITEM","itemBadge":{},"badgesV2":{},"ratings":{"aggregatedRating":{"rating":"4.1","ratingCount":"42 ratings","ratingCountV2":"42"}}},"analytics":{},"hideRestaurantDetails":true}},{"card":{"@type":"type.googleapis.com/swiggy.presentation.food.v2.Dish","info":{"id":"39451488","name":"Butter Tawa Paratha","category":"Indian Bread","isVeg":1,"price":2500,"variants":{},"variantsV2":{},"addons":[{"groupId":"80280661","groupName":"Butter","choices":[{"id":"64926288","name":"Butter","price":2000,"inStock":1,"isVeg":1,"isEnabled":1}],"maxAddons":-1,"maxFreeAddons":-1},{"groupId":"80280663","groupName":"Accompaniments","choices":[{"id":"64926289","name":"Dahi ( Curd )","price":2000,"inStock":1,"isVeg":1,"isEnabled":1}],"maxAddons":-1,"maxFreeAddons":-1}],"itemAttribute":{"vegClassifier":"VEG"},"ribbon":{},"type":"ITEM","itemBadge":{},"badgesV2":{},"ratings":{"aggregatedRating":{"rating":"5.0","ratingCount":"22 ratings","ratingCountV2":"22"}}},"analytics":{},"hideRestaurantDetails":true}},{"card":{"@type":"type.googleapis.com/swiggy.presentation.food.v2.Dish","info":{"id":"39451490","name":"Butter Chapati","category":"Indian Bread","isVeg":1,"price":2000,"variants":{},"variantsV2":{},"addons":[{"groupId":"80280665","groupName":"Accompaniments","choices":[{"id":"64926289","name":"Dahi ( Curd )","price":2000,"inStock":1,"isVeg":1,"isEnabled":1}],"maxAddons":-1,"maxFreeAddons":-1},{"groupId":"80280664","groupName":"Butter","choices":[{"id":"64926288","name":"Butter","price":2000,"inStock":1,"isVeg":1,"isEnabled":1}],"maxAddons":-1,"maxFreeAddons":-1}],"itemAttribute":{"vegClassifier":"VEG"},"ribbon":{},"type":"ITEM","itemBadge":{},"badgesV2":{},"ratings":{"aggregatedRating":{"rating":"4.5","ratingCount":"36 ratings","ratingCountV2":"36"}}},"analytics":{},"hideRestaurantDetails":true}},{"card":{"@type":"type.googleapis.com/swiggy.presentation.food.v2.Dish","info":{"id":"39451491","name":"Chapati","category":"Indian Bread","description":"Soft and fluffy rotis topped with a generous serving.","imageId":"jciwb9wirx9fs8htitfo","isVeg":1,"price":1500,"variants":{},"variantsV2":{},"addons":[{"groupId":"80280667","groupName":"Butter","choices":[{"id":"64926288","name":"Butter","price":2000,"inStock":1,"isVeg":1,"isEnabled":1}],"maxAddons":-1,"maxFreeAddons":-1},{"groupId":"80280669","groupName":"Accompaniments","choices":[{"id":"64926289","name":"Dahi ( Curd )","price":2000,"inStock":1,"isVeg":1,"isEnabled":1}],"maxAddons":-1,"maxFreeAddons":-1}],"itemAttribute":{"vegClassifier":"VEG"},"ribbon":{},"type":"ITEM","itemBadge":{},"badgesV2":{},"ratings":{"aggregatedRating":{"rating":"4.6","ratingCount":"360 ratings","ratingCountV2":"360"}}},"analytics":{},"hideRestaurantDetails":true}}]}}},{"card":{"card":{"@type":"type.googleapis.com/swiggy.presentation.food.v2.ItemCategory","title":"Gavran Special (Authentic Maharashtrian)","itemCards":[{"card":{"@type":"type.googleapis.com/swiggy.presentation.food.v2.Dish","info":{"id":"39451450","name":"Kulith Shengule","category":"Gavran Special (Authentic Maharashtrian)","description":"A delicious and authentic Maharashtrian vegetarian dish that will tantalize your taste buds. Serves 1","isVeg":1,"price":20000,"variants":{},"variantsV2":{},"itemAttribute":{"vegClassifier":"VEG"},"ribbon":{},"type":"ITEM","itemBadge":{},"badgesV2":{},"ratings":{"aggregatedRating":{"rating":"3.8","ratingCount":"79 ratings","ratingCountV2":"79"}}},"analytics":{},"hideRestaurantDetails":true}},{"card":{"@type":"type.googleapis.com/swiggy.presentation.food.v2.Dish","info":{"id":"39451451","name":"Patodi Aamti","category":"Gavran Special (Authentic Maharashtrian)","description":"A delectable Gavran special dish with a tangy twist. Serves 1","isVeg":1,"price":19000,"variants":{},"variantsV2":{},"itemAttribute":{"vegClassifier":"VEG"},"ribbon":{},"type":"ITEM","itemBadge":{},"badgesV2":{},"ratings":{"aggregatedRating":{"rating":"4.7","ratingCount":"92 ratings","ratingCountV2":"92"}}},"analytics":{},"hideRestaurantDetails":true}},{"card":{"@type":"type.googleapis.com/swiggy.presentation.food.v2.Dish","info":{"id":"39451453","name":"Bhajee Aamti","category":"Gavran Special (Authentic Maharashtrian)","isVeg":1,"price":19000,"variants":{},"variantsV2":{},"itemAttribute":{"vegClassifier":"VEG"},"ribbon":{},"type":"ITEM","itemBadge":{},"badgesV2":{},"ratings":{"aggregatedRating":{"rating":"4.4","ratingCount":"17 ratings","ratingCountV2":"17"}}},"analytics":{},"hideRestaurantDetails":true}},{"card":{"@type":"type.googleapis.com/swiggy.presentation.food.v2.Dish","info":{"id":"39451454","name":"Stuffed Baingan (Red Gravy)","category":"Gavran Special (Authentic Maharashtrian)","isVeg":1,"price":18000,"variants":{},"variantsV2":{},"itemAttribute":{"vegClassifier":"VEG"},"ribbon":{},"type":"ITEM","itemBadge":{},"badgesV2":{},"ratings":{"aggregatedRating":{"rating":"4.5","ratingCount":"9 ratings","ratingCountV2":"9"}}},"analytics":{},"hideRestaurantDetails":true}},{"card":{"@type":"type.googleapis.com/swiggy.presentation.food.v2.Dish","info":{"id":"39451456","name":"Stuffed Baingan (Black Gravy)","category":"Gavran Special (Authentic Maharashtrian)","isVeg":1,"price":18000,"variants":{},"variantsV2":{},"itemAttribute":{"vegClassifier":"VEG"},"ribbon":{},"type":"ITEM","itemBadge":{},"badgesV2":{},"ratings":{"aggregatedRating":{"rating":"4.4","ratingCount":"17 ratings","ratingCountV2":"17"}}},"analytics":{},"hideRestaurantDetails":true}},{"card":{"@type":"type.googleapis.com/swiggy.presentation.food.v2.Dish","info":{"id":"39451457","name":"Stuffed Baingan (Shengdana Gravy)","category":"Gavran Special (Authentic Maharashtrian)","isVeg":1,"price":18000,"variants":{},"variantsV2":{},"itemAttribute":{"vegClassifier":"VEG"},"ribbon":{},"type":"ITEM","itemBadge":{},"badgesV2":{},"ratings":{"aggregatedRating":{"rating":"4.3","ratingCount":"20 ratings","ratingCountV2":"20"}}},"analytics":{},"hideRestaurantDetails":true}},{"card":{"@type":"type.googleapis.com/swiggy.presentation.food.v2.Dish","info":{"id":"39451458","name":"Kadhi Pakora","category":"Gavran Special (Authentic Maharashtrian)","description":"An authentic Maharashtrian special featuring crispy fritters in a tangy and creamy gravy. Serves 1","imageId":"utikdue8jdxwyaz87zer","isVeg":1,"price":17000,"variants":{},"variantsV2":{},"addons":[{"groupId":"13356940","groupName":"Addons","choices":[{"id":"14598432","name":"Masala Butter Milk","price":3000,"inStock":1,"isVeg":1,"isEnabled":1}],"maxAddons":-1,"maxFreeAddons":-1}],"itemAttribute":{"vegClassifier":"VEG"},"ribbon":{},"type":"ITEM","itemBadge":{},"badgesV2":{},"ratings":{"aggregatedRating":{"rating":"4.4","ratingCount":"37 ratings","ratingCountV2":"37"}}},"analytics":{},"hideRestaurantDetails":true}},{"card":{"@type":"type.googleapis.com/swiggy.presentation.food.v2.Dish","info":{"id":"39451459","name":"Baingan Aloo (Black Gravy)","category":"Gavran Special (Authentic Maharashtrian)","isVeg":1,"price":17000,"variants":{},"variantsV2":{},"itemAttribute":{"vegClassifier":"VEG"},"ribbon":{},"type":"ITEM","itemBadge":{},"badgesV2":{},"ratings":{"aggregatedRating":{"rating":"5.0","ratingCount":"6 ratings","ratingCountV2":"6"}}},"analytics":{},"hideRestaurantDetails":true}},{"card":{"@type":"type.googleapis.com/swiggy.presentation.food.v2.Dish","info":{"id":"39451461","name":"Baingan Aloo (Red Gravy)","category":"Gavran Special (Authentic Maharashtrian)","isVeg":1,"price":17000,"variants":{},"variantsV2":{},"itemAttribute":{"vegClassifier":"VEG"},"ribbon":{},"type":"ITEM","itemBadge":{},"badgesV2":{},"ratings":{"aggregatedRating":{"rating":"4.6","ratingCount":"9 ratings","ratingCountV2":"9"}}},"analytics":{},"hideRestaurantDetails":true}},{"card":{"@type":"type.googleapis.com/swiggy.presentation.food.v2.Dish","info":{"id":"39451462","name":"Flower Aloo","category":"Gavran Special (Authentic Maharashtrian)","isVeg":1,"price":15000,"variants":{},"variantsV2":{},"itemAttribute":{"vegClassifier":"VEG"},"ribbon":{},"type":"ITEM","itemBadge":{},"badgesV2":{},"ratings":{"aggregatedRating":{"rating":"4.5","ratingCount":"19 ratings","ratingCountV2":"19"}}},"analytics":{},"hideRestaurantDetails":true}},{"card":{"@type":"type.googleapis.com/swiggy.presentation.food.v2.Dish","info":{"id":"39451463","name":"Veg Kolhapuri","category":"Gavran Special (Authentic Maharashtrian)","isVeg":1,"price":16000,"variants":{},"variantsV2":{},"itemAttribute":{"vegClassifier":"VEG"},"ribbon":{},"type":"ITEM","itemBadge":{},"badgesV2":{},"ratings":{"aggregatedRating":{"rating":"4.2","ratingCount":"20 ratings","ratingCountV2":"20"}}},"analytics":{},"hideRestaurantDetails":true}},{"card":{"@type":"type.googleapis.com/swiggy.presentation.food.v2.Dish","info":{"id":"39451465","name":"Pithale","category":"Gavran Special (Authentic Maharashtrian)","description":"A rustic and satisfying vegetable dish with bold flavors. Serves 1","isVeg":1,"price":16000,"variants":{},"variantsV2":{},"itemAttribute":{"vegClassifier":"VEG"},"ribbon":{},"type":"ITEM","itemBadge":{},"badgesV2":{},"ratings":{"aggregatedRating":{"rating":"4.7","ratingCount":"53 ratings","ratingCountV2":"53"}}},"analytics":{},"hideRestaurantDetails":true}},{"card":{"@type":"type.googleapis.com/swiggy.presentation.food.v2.Dish","info":{"id":"39451466","name":"Shevga(Drumstick) Pithale","category":"Gavran Special (Authentic Maharashtrian)","isVeg":1,"price":16000,"variants":{},"variantsV2":{},"itemAttribute":{"vegClassifier":"VEG"},"ribbon":{},"type":"ITEM","itemBadge":{},"badgesV2":{},"ratings":{"aggregatedRating":{"rating":"4.7","ratingCount":"4 ratings","ratingCountV2":"4"}}},"analytics":{},"hideRestaurantDetails":true}},{"card":{"@type":"type.googleapis.com/swiggy.presentation.food.v2.Dish","info":{"id":"39451468","name":"Shevga (Black Gravy)","category":"Gavran Special (Authentic Maharashtrian)","isVeg":1,"price":16000,"variants":{},"variantsV2":{},"itemAttribute":{"vegClassifier":"VEG"},"ribbon":{},"type":"ITEM","itemBadge":{},"badgesV2":{},"ratings":{"aggregatedRating":{"rating":"4.8","ratingCount":"9 ratings","ratingCountV2":"9"}}},"analytics":{},"hideRestaurantDetails":true}},{"card":{"@type":"type.googleapis.com/swiggy.presentation.food.v2.Dish","info":{"id":"39451469","name":"Matki Ussal (Black Gravy)","category":"Gavran Special (Authentic Maharashtrian)","isVeg":1,"price":16000,"variants":{},"variantsV2":{},"itemAttribute":{"vegClassifier":"VEG"},"ribbon":{},"type":"ITEM","itemBadge":{},"badgesV2":{},"ratings":{"aggregatedRating":{"rating":"4.7","ratingCount":"18 ratings","ratingCountV2":"18"}}},"analytics":{},"hideRestaurantDetails":true}},{"card":{"@type":"type.googleapis.com/swiggy.presentation.food.v2.Dish","info":{"id":"39451471","name":"Kurdai Kanda","category":"Gavran Special (Authentic Maharashtrian)","isVeg":1,"price":16000,"variants":{},"variantsV2":{},"itemAttribute":{"vegClassifier":"VEG"},"ribbon":{},"type":"ITEM","itemBadge":{},"badgesV2":{},"ratings":{"aggregatedRating":{"rating":"4.7","ratingCount":"32 ratings","ratingCountV2":"32"}}},"analytics":{},"hideRestaurantDetails":true}},{"card":{"@type":"type.googleapis.com/swiggy.presentation.food.v2.Dish","info":{"id":"39451472","name":"Shengdana Zirka","category":"Gavran Special (Authentic Maharashtrian)","isVeg":1,"price":15500,"variants":{},"variantsV2":{},"itemAttribute":{"vegClassifier":"VEG"},"ribbon":{},"type":"ITEM","itemBadge":{},"badgesV2":{},"ratings":{"aggregatedRating":{"rating":"4.9","ratingCount":"9 ratings","ratingCountV2":"9"}}},"analytics":{},"hideRestaurantDetails":true}},{"card":{"@type":"type.googleapis.com/swiggy.presentation.food.v2.Dish","info":{"id":"39451473","name":"Tomato Chutney","category":"Gavran Special (Authentic Maharashtrian)","isVeg":1,"price":15000,"variants":{},"variantsV2":{},"itemAttribute":{"vegClassifier":"VEG"},"ribbon":{},"type":"ITEM","itemBadge":{},"badgesV2":{},"ratings":{"aggregatedRating":{"rating":"4.8","ratingCount":"18 ratings","ratingCountV2":"18"}}},"analytics":{},"hideRestaurantDetails":true}},{"card":{"@type":"type.googleapis.com/swiggy.presentation.food.v2.Dish","info":{"id":"39451475","name":"Tomato Bhaji","category":"Gavran Special (Authentic Maharashtrian)","isVeg":1,"price":14000,"variants":{},"variantsV2":{},"itemAttribute":{"vegClassifier":"VEG"},"ribbon":{},"type":"ITEM","itemBadge":{},"badgesV2":{},"ratings":{"aggregatedRating":{"rating":"4.9","ratingCount":"8 ratings","ratingCountV2":"8"}}},"analytics":{},"hideRestaurantDetails":true}},{"card":{"@type":"type.googleapis.com/swiggy.presentation.food.v2.Dish","info":{"id":"39451476","name":"Shev Bhaji","category":"Gavran Special (Authentic Maharashtrian)","description":"A scrumptious meal consisting of lipsmacking sev bhaji.","imageId":"l7te8brpcqt1it9dvk90","isVeg":1,"price":14000,"variants":{},"variantsV2":{},"itemAttribute":{"vegClassifier":"VEG"},"ribbon":{"text":"Bestseller","textColor":"#ffffff","topBackgroundColor":"#d53d4c","bottomBackgroundColor":"#b02331"},"type":"ITEM","itemBadge":{},"badgesV2":{},"isBestseller":true,"ratings":{"aggregatedRating":{"rating":"4.4","ratingCount":"105 ratings","ratingCountV2":"105"}}},"analytics":{},"hideRestaurantDetails":true}},{"card":{"@type":"type.googleapis.com/swiggy.presentation.food.v2.Dish","info":{"id":"39451477","name":"Zunka (Masala)","category":"Gavran Special (Authentic Maharashtrian)","isVeg":1,"price":13000,"variants":{},"variantsV2":{},"itemAttribute":{"vegClassifier":"VEG"},"ribbon":{},"type":"ITEM","itemBadge":{},"badgesV2":{},"ratings":{"aggregatedRating":{"rating":"4.9","ratingCount":"35 ratings","ratingCountV2":"35"}}},"analytics":{},"hideRestaurantDetails":true}},{"card":{"@type":"type.googleapis.com/swiggy.presentation.food.v2.Dish","info":{"id":"39451479","name":"Baingan Bharta(Vangyacha Bhari)","category":"Gavran Special (Authentic Maharashtrian)","description":"Rich, smoky and full of flavor, this Maharashtrian specialty dish is a must-try for veggie lovers. Serves 1","imageId":"c3rsvxuztscojoqsfnw8","isVeg":1,"price":13000,"variants":{},"variantsV2":{},"itemAttribute":{"vegClassifier":"VEG"},"ribbon":{},"type":"ITEM","itemBadge":{},"badgesV2":{},"ratings":{"aggregatedRating":{"rating":"4.6","ratingCount":"54 ratings","ratingCountV2":"54"}}},"analytics":{},"hideRestaurantDetails":true}},{"card":{"@type":"type.googleapis.com/swiggy.presentation.food.v2.Dish","info":{"id":"39451480","name":"Papad Chutney","category":"Gavran Special (Authentic Maharashtrian)","isVeg":1,"price":8000,"variants":{},"variantsV2":{},"itemAttribute":{"vegClassifier":"VEG"},"ribbon":{},"type":"ITEM","itemBadge":{},"badgesV2":{},"ratings":{"aggregatedRating":{"rating":"4.8","ratingCount":"34 ratings","ratingCountV2":"34"}}},"analytics":{},"hideRestaurantDetails":true}}]}}},{"card":{"card":{"@type":"type.googleapis.com/swiggy.presentation.food.v2.ItemCategory","title":"Rice","itemCards":[{"card":{"@type":"type.googleapis.com/swiggy.presentation.food.v2.Dish","info":{"id":"39451492","name":"Butter Dal Khichadi","category":"Rice","description":"Comforting bowl of creamy rice and lentils, enriched with butter. Serves 1","imageId":"iwqwz1ggcqm6dnhqwfz5","isVeg":1,"price":16000,"variants":{},"variantsV2":{},"itemAttribute":{"vegClassifier":"VEG"},"ribbon":{},"type":"ITEM","itemBadge":{},"badgesV2":{},"ratings":{"aggregatedRating":{"rating":"4.7","ratingCount":"44 ratings","ratingCountV2":"44"}}},"analytics":{},"hideRestaurantDetails":true}},{"card":{"@type":"type.googleapis.com/swiggy.presentation.food.v2.Dish","info":{"id":"39451493","name":"Dal Khichadi","category":"Rice","description":"A comforting blend of rice and lentils cooked together to create a hearty and flavorful vegetarian meal. Serves 1","imageId":"njyqzlwulbqqniwot5yp","isVeg":1,"price":14000,"variants":{},"variantsV2":{},"itemAttribute":{"vegClassifier":"VEG"},"ribbon":{"text":"Bestseller","textColor":"#ffffff","topBackgroundColor":"#d53d4c","bottomBackgroundColor":"#b02331"},"type":"ITEM","itemBadge":{},"badgesV2":{},"isBestseller":true,"ratings":{"aggregatedRating":{"rating":"4.6","ratingCount":"83 ratings","ratingCountV2":"83"}}},"analytics":{},"hideRestaurantDetails":true}},{"card":{"@type":"type.googleapis.com/swiggy.presentation.food.v2.Dish","info":{"id":"39451494","name":"Masala Rice","category":"Rice","description":"An irresistible meal created using vegies and fresh rice.","imageId":"ofhaghyay5djv78lxfqp","isVeg":1,"price":16000,"variants":{},"variantsV2":{},"itemAttribute":{"vegClassifier":"VEG"},"ribbon":{"text":"Bestseller","textColor":"#ffffff","topBackgroundColor":"#d53d4c","bottomBackgroundColor":"#b02331"},"type":"ITEM","itemBadge":{},"badgesV2":{},"isBestseller":true,"ratings":{"aggregatedRating":{"rating":"4.4","ratingCount":"66 ratings","ratingCountV2":"66"}}},"analytics":{},"hideRestaurantDetails":true}},{"card":{"@type":"type.googleapis.com/swiggy.presentation.food.v2.Dish","info":{"id":"39451495","name":"Lemon Rice","category":"Rice","isVeg":1,"price":15000,"variants":{},"variantsV2":{},"itemAttribute":{"vegClassifier":"VEG"},"ribbon":{},"type":"ITEM","itemBadge":{},"badgesV2":{},"ratings":{"aggregatedRating":{"rating":"5.0","ratingCount":"3 ratings","ratingCountV2":"3"}}},"analytics":{},"hideRestaurantDetails":true}},{"card":{"@type":"type.googleapis.com/swiggy.presentation.food.v2.Dish","info":{"id":"39451496","name":"Jeera Rice","category":"Rice","description":"Aromatic rice cooked in a tempering of cumin and whole spices.","imageId":"wc4l6w0mka4xkqewxtht","isVeg":1,"price":7500,"variants":{"variantGroups":[{"groupId":"4105706","name":"Quantity","variations":[{"name":"Half","default":1,"id":"13287231","inStock":1,"isVeg":1,"isEnabled":1},{"name":"Full","price":4000,"id":"13287232","inStock":1,"isVeg":1,"isEnabled":1}]}]},"variantsV2":{},"itemAttribute":{"vegClassifier":"VEG"},"ribbon":{},"type":"ITEM","itemBadge":{},"badgesV2":{},"ratings":{"aggregatedRating":{"rating":"4.4","ratingCount":"79 ratings","ratingCountV2":"79"}}},"analytics":{},"hideRestaurantDetails":true}},{"card":{"@type":"type.googleapis.com/swiggy.presentation.food.v2.Dish","info":{"id":"39451497","name":"Plain Rice","category":"Rice","isVeg":1,"price":7000,"variants":{"variantGroups":[{"groupId":"4105707","name":"Quantity","variations":[{"name":"Half","default":1,"id":"13287233","inStock":1,"isVeg":1,"isEnabled":1},{"name":"Full","price":4000,"id":"13287234","inStock":1,"isVeg":1,"isEnabled":1}]}]},"variantsV2":{},"itemAttribute":{"vegClassifier":"VEG"},"ribbon":{},"type":"ITEM","itemBadge":{},"badgesV2":{},"ratings":{"aggregatedRating":{"rating":"4.6","ratingCount":"39 ratings","ratingCountV2":"39"}}},"analytics":{},"hideRestaurantDetails":true}}]}}},{"card":{"card":{"@type":"type.googleapis.com/swiggy.presentation.food.v2.ItemCategory","title":"Mayur Special Thali","itemCards":[{"card":{"@type":"type.googleapis.com/swiggy.presentation.food.v2.Dish","info":{"id":"72360617","name":"Puran Poli Thali ( Festival Thali )","category":"Mayur Special Thali","description":"Bhaji aamti + gulvani + milk + 2 deshi ghee puranpoli + nagali papad + kurdai + dal + plan rice + suki batata bhaji + sweet(kheer)  or aamras","isVeg":1,"price":26000,"variants":{},"variantsV2":{},"itemAttribute":{"vegClassifier":"VEG"},"ribbon":{},"type":"ITEM","itemBadge":{},"badgesV2":{},"ratings":{"aggregatedRating":{"rating":"3.8","ratingCount":"51 ratings","ratingCountV2":"51"}}},"analytics":{},"hideRestaurantDetails":true}},{"card":{"@type":"type.googleapis.com/swiggy.presentation.food.v2.Dish","info":{"id":"39451498","name":"Rice Plate","category":"Mayur Special Thali","description":"Dry Bhaji + Gravy Bhaji + Dal + Kadhi + 3Pes + Chapati + Rice + Dahi + Chutney.","isVeg":1,"price":14000,"variants":{},"variantsV2":{},"itemAttribute":{"vegClassifier":"VEG"},"ribbon":{},"type":"ITEM","itemBadge":{},"badgesV2":{},"ratings":{"aggregatedRating":{"rating":"4.3","ratingCount":"242 ratings","ratingCountV2":"242"}}},"analytics":{},"hideRestaurantDetails":true}},{"card":{"@type":"type.googleapis.com/swiggy.presentation.food.v2.Dish","info":{"id":"39451499","name":"Special Rice Plate","category":"Mayur Special Thali","description":"Dry Bhaji + Gravy Bhaji + Dal + Kadhi + Chapati + Rice + Sweet Dish + Dahi + Chutney.","isVeg":1,"price":15000,"variants":{},"variantsV2":{},"itemAttribute":{"vegClassifier":"VEG"},"ribbon":{},"type":"ITEM","itemBadge":{},"badgesV2":{},"ratings":{"aggregatedRating":{"rating":"3.7","ratingCount":"123 ratings","ratingCountV2":"123"}}},"analytics":{},"hideRestaurantDetails":true}},{"card":{"@type":"type.googleapis.com/swiggy.presentation.food.v2.Dish","info":{"id":"39451500","name":"Mayur Special Rice Plate","category":"Mayur Special Thali","description":"Dry bhaji + gravy bhaji + dal + kadhi + chapati 3pcs  +  masala rice + sweet dish + dahi + chutney.","isVeg":1,"price":17000,"variants":{},"variantsV2":{},"itemAttribute":{"vegClassifier":"VEG"},"ribbon":{},"type":"ITEM","itemBadge":{},"badgesV2":{},"ratings":{"aggregatedRating":{"rating":"4.4","ratingCount":"90 ratings","ratingCountV2":"90"}}},"analytics":{},"hideRestaurantDetails":true}},{"card":{"@type":"type.googleapis.com/swiggy.presentation.food.v2.Dish","info":{"id":"39451501","name":"Mayur Special Gavran Thali (2 Person)","category":"Mayur Special Thali","description":"Zunka + bharta + patodi aamti + pakoda aamti + kadhi + dal + masala rice + 2 bhakri/ 3 chapati + chutney + sweet dish + butter milk","isVeg":1,"price":26000,"variants":{"variantGroups":[{"groupId":"4105708","name":"Quantity","variations":[{"name":"2 Bhakri","default":1,"id":"13287235","inStock":1,"isVeg":1,"isEnabled":1},{"name":"3 Chapati","id":"13287236","inStock":1,"isVeg":1,"isEnabled":1}]}]},"variantsV2":{},"addons":[{"groupId":"13356939","groupName":"Addons","choices":[{"id":"14598432","name":"Masala Butter Milk","price":3000,"inStock":1,"isVeg":1,"isEnabled":1}],"maxAddons":-1,"maxFreeAddons":-1}],"itemAttribute":{"vegClassifier":"VEG"},"ribbon":{},"type":"ITEM","itemBadge":{},"badgesV2":{},"ratings":{"aggregatedRating":{"rating":"4.3","ratingCount":"122 ratings","ratingCountV2":"122"}}},"analytics":{},"hideRestaurantDetails":true}}]}}},{"card":{"card":{"@type":"type.googleapis.com/swiggy.presentation.food.v2.ItemCategory","title":"Beverages","itemCards":[{"card":{"@type":"type.googleapis.com/swiggy.presentation.food.v2.Dish","info":{"id":"39451502","name":"Malai Lassi","category":"Beverages","isVeg":1,"price":6000,"variants":{},"variantsV2":{},"itemAttribute":{"vegClassifier":"VEG"},"ribbon":{},"type":"ITEM","itemBadge":{},"badgesV2":{},"ratings":{"aggregatedRating":{"rating":"4.3","ratingCount":"51 ratings","ratingCountV2":"51"}}},"analytics":{},"hideRestaurantDetails":true}},{"card":{"@type":"type.googleapis.com/swiggy.presentation.food.v2.Dish","info":{"id":"39451503","name":"Masala Buttermilk","category":"Beverages","description":"A tangy and refreshing drink with a hint of spices to complement any meal. Serves 1","imageId":"g5pluclfznpaq0hojhui","isVeg":1,"price":3000,"variants":{},"variantsV2":{},"itemAttribute":{"vegClassifier":"VEG"},"ribbon":{},"type":"ITEM","itemBadge":{},"badgesV2":{},"ratings":{"aggregatedRating":{"rating":"4.7","ratingCount":"85 ratings","ratingCountV2":"85"}}},"analytics":{},"hideRestaurantDetails":true}}]}}},{"card":{"card":{"@type":"type.googleapis.com/swiggy.presentation.food.v2.ItemCategory","title":"Sweet Dish","itemCards":[{"card":{"@type":"type.googleapis.com/swiggy.presentation.food.v2.Dish","info":{"id":"39451504","name":"Shrikhand Puri","category":"Sweet Dish","isVeg":1,"price":13000,"variants":{},"variantsV2":{},"itemAttribute":{"vegClassifier":"VEG"},"ribbon":{},"type":"ITEM","itemBadge":{},"badgesV2":{},"ratings":{"aggregatedRating":{"rating":"4.9","ratingCount":"12 ratings","ratingCountV2":"12"}}},"analytics":{},"hideRestaurantDetails":true}},{"card":{"@type":"type.googleapis.com/swiggy.presentation.food.v2.Dish","info":{"id":"39451505","name":"Gulab Jamun (3 Pcs)","category":"Sweet Dish","imageId":"xsa6z4j2cbjswfhpndml","isVeg":1,"price":6000,"variants":{},"variantsV2":{},"itemAttribute":{"vegClassifier":"VEG"},"ribbon":{},"type":"ITEM","itemBadge":{},"badgesV2":{},"ratings":{"aggregatedRating":{"rating":"4.4","ratingCount":"45 ratings","ratingCountV2":"45"}}},"analytics":{},"hideRestaurantDetails":true}}]}}},{"card":{"card":{"@type":"type.googleapis.com/swiggy.presentation.food.v2.RestaurantLicenseInfo","type":"FSSAI","imageId":"fssai_final_edss9i","text":["Applied for license"]}}},{"card":{"card":{"@type":"type.googleapis.com/swiggy.presentation.food.v2.RestaurantAddress","name":"Mayur Lunch Home","area":"Ashok Stambh","completeAddress":"moonpal, gala no 5, near ashok stambh, nashik-422101"}}}]}}}}],"firstOffsetRequest":true,"isQCLink":false},"tid":"5962befe-3342-4387-b0e6-e1871f42cb59","sid":"8yl99cec-3c62-4543-a68b-5a863ec58ce7","deviceId":"66f1d22a-02c3-5f6f-e8e5-7dd060f63ee1","csrfToken":"M19HYWRn8tIz-d9JpGR_hcZk-kwC7lXeRncuqCVw"}