{"statusCode":0,"data":{"statusMessage":"done successfully","cards":[{"card":{"card":{"@type":"type.googleapis.com/swiggy.presentation.food.v2.Restaurant","info":{"id":"181040","name":"Sadhana Chulivarchi Misal","city":"Nashik","slugs":{"restaurant":"sadhana-chuli-wachi-misal-gangapur-road-nashik-test_nashik","city":"nashik"},"uniqueId":"d25c0e0d-8c85-4556-93b0-3b207503cc8a","cloudinaryImageId":"dmqnvtoyx7j66dhzdhh7","locality":"Sadhu Waswani Road","areaName":"Rajiv Gandhi Bhawan","costForTwo":"20000","costForTwoMessage":"₹200 for two","cuisines":["Maharashtrian","Fast Food"],"avgRating":4,"veg":true,"feeDetails":{"restaurantId":"181040","fees":[{"name":"distance","fee":2100},{"name":"time"},{"name":"special"}],"totalFee":2100,"title":"Delivery Charge","amount":"2100"},"parentId":"174256","avgRatingString":"4.0","totalRatingsString":"5K+ ratings","sla":{"restaurantId":"181040","deliveryTime":15,"minDeliveryTime":15,"maxDeliveryTime":15,"lastMileTravel":1,"serviceability":"SERVICEABLE","stressFactor":0.8838806,"rainMode":"RAIN_MODE_NONE","longDistance":"LONG_DISTANCE_NOT_LONG_DISTANCE","zoneId":550,"slaString":"15 MINS","lastMileTravelString":"1.0 km","iconType":"ICON_TYPE_EMPTY"},"availability":{"nextOpenTimeMessage":"Opens next at 8:45 am, tomorrow","nextOpenTime":"2023-08-26 08:45:00","visibility":true,"restaurantClosedMeta":{}},"aggregatedDiscountInfo":{"header":"Flat ₹125 off","shortDescriptionList":[{"meta":"Flat ₹125 off on orders above ₹249","discountType":"Flat","operationType":"RESTAURANT"},{"meta":"50% off | Use TRYNEW","discountType":"Percentage","operationType":"RESTAURANT"}],"descriptionList":[{"meta":"Flat ₹125 off on orders above ₹249 | Use code SWIGGYWEEKENDS","discountType":"Flat","operationType":"RESTAURANT"},{"meta":"50% off up to ₹100 | Use code TRYNEW","discountType":"Percentage","operationType":"RESTAURANT"}],"visible":true},"badges":{},"slugString":"sadhana-chuli-wachi-misal-gangapur-road-nashik-test_nashik","labels":[{"title":"Timings","message":"null"},{"title":"Address","message":"Maru Shopping Centre, Opp. Zilla Parishad, Trimbak Naka, Shalimar, Nashik, Maharashtra 422001"},{"title":"Cuisines","message":"Maharashtrian,Fast Food"}],"totalRatings":5000,"aggregatedDiscountInfoV2":{"header":"Flat ₹125 off","shortDescriptionList":[{"meta":"Flat ₹125 off on orders above ₹249","discountType":"Flat","operationType":"RESTAURANT"},{"meta":"50% off | Use TRYNEW","discountType":"Percentage","operationType":"RESTAURANT"}],"descriptionList":[{"meta":"Flat ₹125 off on orders above ₹249 | Use code SWIGGYWEEKENDS","discountType":"Flat","operationType":"RESTAURANT"},{"meta":"50% off up to ₹100 | Use code TRYNEW","discountType":"Percentage","operationType":"RESTAURANT"}],"couponDetailsCta":"View coupon details"},"type":"F","nudgeBanners":[{"minValue":174,"maxValue":249,"priority":1,"couponCode":"SWIGGYWEEKENDS","discountInfo":{"discountType":"Flat","value":125},"lockedMessage":"Add items worth ₹<amount> to save ₹125 | Code SWIGGYWEEKENDS","unlockedMessage":"SWIGGYWEEKENDS Coupon Unlocked! Use it to save ₹125","logoCtx":{}},{"minValue":279,"maxValue":399,"priority":8,"couponCode":"MEGASAVER","discountInfo":{"discountType":"Flat","value":175},"lockedMessage":"Add items worth ₹<amount> to save ₹175 | Code MEGASAVER","unlockedMessage":"MEGASAVER Coupon Unlocked! Use it to save ₹175","logoCtx":{}}],"headerBanner":{"url":"swiggy://webview?is_external=false&webview_url=https://www.swiggy.com/restaurant-info/181040"},"generalPurposeInfoListV2":[{"cta":{"info":{"recordings":{}},"linkCta":{}}}],"ratingSlab":"RATING_SLAB_4","availabilityServiceabilityMessage":"Currently closed for delivery. Opens next at 8:45 am, tomorrow","orderabilityCommunication":{"title":{"text":"Currently"},"subTitle":{"text":"CLOSED"},"message":{"text":"Uh-oh! Outlet is not accepting orders at the moment. They should be back by 8:45 AM tomorrow","textColour":"primary"},"customIcon":{"bgGradientColorStart":"#EB8322","bgGradientColorEnd":"#EE5803"}},"cartOrderabilityNudgeBanner":{"parameters":{},"presentation":{}},"latLong":"19.997679,73.782707"},"analytics":{}},"relevance":{"type":"RELEVANCE_TYPE_CHECK_ORDERABILITY_ON_ITEM_ADD","sectionId":"POP_UP_CROUTON_MENU"}}},{"card":{"card":{"@type":"type.googleapis.com/swiggy.gandalf.widgets.v2.GridWidget","layout":{"rows":1,"columns":5,"horizontalScrollEnabled":true,"itemSpacing":12,"lineSpacing":10,"widgetPadding":{},"containerStyle":{"containerPadding":{"left":10,"right":10,"bottom":16}},"scrollBar":{}},"id":"offerCollectionWidget_UX4","gridElements":{"infoWithStyle":{"@type":"type.googleapis.com/swiggy.presentation.food.v2.OfferInfoWithStyle","offers":[{"info":{"header":"FLAT ₹125 OFF","offerTag":"FLAT DEAL","offerTagColor":"#E46D47","offerIds":["1854f0c6-4d37-4076-aa69-3707c1c71337"],"expiryTime":"1970-01-01T00:00:00Z","couponCode":"USE SWIGGYWEEKENDS","description":"ABOVE ₹249","offerType":"offers","restId":"181040","offerLogo":"offers/generic","descriptionTextColor":"#7302060C"},"cta":{"type":"OFFER_HALF_CARD"}},{"info":{"header":"50% OFF UPTO ₹100","offerTagColor":"#E46D47","offerIds":["fe4a8b7e-ad90-4f08-a37b-661b4146a2fb"],"expiryTime":"1970-01-01T00:00:00Z","couponCode":"USE TRYNEW","description":"ABOVE ₹149","offerType":"offers","restId":"181040","offerLogo":"offers/generic","descriptionTextColor":"#7302060C"},"cta":{"type":"OFFER_HALF_CARD"}},{"info":{"header":"FLAT ₹150 OFF","offerTag":"FLAT DEAL","offerTagColor":"#E46D47","offerIds":["c5c493a3-d366-4b7a-8aad-788588bd4935"],"expiryTime":"1970-01-01T00:00:00Z","couponCode":"USE FLATDEAL","description":"ABOVE ₹350","offerType":"offers","restId":"181040","offerLogo":"offers/generic","descriptionTextColor":"#7302060C"},"cta":{"type":"OFFER_HALF_CARD"}},{"info":{"header":"40% OFF UPTO ₹200","offerTag":"SAVE BIG","offerTagColor":"#E46D47","offerIds":["a2e8f975-0d50-44f3-94d7-bfbe6a438745"],"expiryTime":"1970-01-01T00:00:00Z","couponCode":"USE JUMBO","description":"ABOVE ₹300","offerType":"offers","restId":"181040","offerLogo":"offers/save-big","descriptionTextColor":"#7302060C"},"cta":{"type":"OFFER_HALF_CARD"}},{"info":{"header":"20% OFF UPTO ₹100","offerTagColor":"#E46D47","logoBottom":"rng/md/ads/production/be912a4c543f00172d9f82c033ee7239","offerIds":["70a98e19-77b5-43d4-b6ec-3c32929ae868"],"expiryTime":"1970-01-01T00:00:00Z","couponCode":"USE RUPAY100","description":"ABOVE ₹129","offerType":"offers","restId":"181040","offerLogo":"rng/md/ads/production/be912a4c543f00172d9f82c033ee7239","descriptionTextColor":"#7302060C"},"cta":{"type":"OFFER_HALF_CARD"}}]}}}}},{"groupedCard":{"cardGroupMap":{"REGULAR":{"cards":[{"card":{"card":{"@type":"type.googleapis.com/swiggy.presentation.food.v2.MenuVegFilterAndBadge","isPureVeg":true,"badges":{},"vegOnlyDetails":{"imageId":"AutoVegOnly_qkjowj","title":"Showing only vegetarian options.","description":"Tap on the VEG ONLY button to turn off the setting"},"topRatedFilter":{}}}},{"card":{"card":{"@type":"type.googleapis.com/swiggy.presentation.food.v2.ItemCategory","title":"The Extras","itemCards":[{"card":{"@type":"type.googleapis.com/swiggy.presentation.food.v2.Dish","info":{"id":"40481437","name":"Only Misal","category":"The Extras","description":"A hearty and flavorful vegetarian dish sure to leave you completely satisfied.","imageId":"70d7218472df04b015ed62a1c128b6a3","isVeg":1,"price":5500,"variants":{},"variantsV2":{},"itemAttribute":{"vegClassifier":"VEG"},"ribbon":{},"type":"ITEM","itemBadge":{},"badgesV2":{},"ratings":{"aggregatedRating":{"rating":"3.9","ratingCount":"879 ratings","ratingCountV2":"879"}}},"analytics":{},"hideRestaurantDetails":true}},{"card":{"@type":"type.googleapis.com/swiggy.presentation.food.v2.Dish","info":{"id":"40481433","name":"Papad","category":"The Extras","imageId":"ob5fha49shhbpcz2d1du","isVeg":1,"price":1000,"variants":{},"variantsV2":{},"itemAttribute":{"vegClassifier":"VEG"},"ribbon":{},"type":"ITEM","itemBadge":{},"badgesV2":{},"ratings":{"aggregatedRating":{"rating":"4.1","ratingCount":"953 ratings","ratingCountV2":"953"}}},"analytics":{},"hideRestaurantDetails":true}},{"card":{"@type":"type.googleapis.com/swiggy.presentation.food.v2.Dish","info":{"id":"40481434","name":"Dahi","category":"The Extras","imageId":"3d677da94089da2b0f2926e3a5d3b8ec","isVeg":1,"price":1000,"variants":{},"variantsV2":{},"itemAttribute":{"vegClassifier":"VEG"},"ribbon":{},"type":"ITEM","itemBadge":{},"badgesV2":{},"ratings":{"aggregatedRating":{"rating":"4.0","ratingCount":"229 ratings","ratingCountV2":"229"}}},"analytics":{},"hideRestaurantDetails":true}},{"card":{"@type":"type.googleapis.com/swiggy.presentation.food.v2.Dish","info":{"id":"40481436","name":"Matki","category":"The Extras","isVeg":1,"price":3000,"variants":{},"variantsV2":{},"itemAttribute":{"vegClassifier":"VEG"},"ribbon":{},"type":"ITEM","itemBadge":{},"badgesV2":{},"ratings":{"aggregatedRating":{"rating":"4.1","ratingCount":"313 ratings","ratingCountV2":"313"}}},"analytics":{},"hideRestaurantDetails":true}},{"card":{"@type":"type.googleapis.com/swiggy.presentation.food.v2.Dish","info":{"id":"40481435","name":"Shev","category":"The Extras","imageId":"jdqhfckbisr6hlp36apc","isVeg":1,"price":2000,"variants":{},"variantsV2":{},"itemAttribute":{"vegClassifier":"VEG"},"ribbon":{},"type":"ITEM","itemBadge":{},"badgesV2":{},"ratings":{"aggregatedRating":{"rating":"3.9","ratingCount":"660 ratings","ratingCountV2":"660"}}},"analytics":{},"hideRestaurantDetails":true}},{"card":{"@type":"type.googleapis.com/swiggy.presentation.food.v2.Dish","info":{"id":"40800136","name":"Extra Rassa","category":"The Extras","isVeg":1,"price":3000,"variants":{},"variantsV2":{},"itemAttribute":{"vegClassifier":"VEG"},"ribbon":{},"type":"ITEM","itemBadge":{},"badgesV2":{},"ratings":{"aggregatedRating":{"rating":"3.8","ratingCount":"675 ratings","ratingCountV2":"675"}}},"analytics":{},"hideRestaurantDetails":true}},{"card":{"@type":"type.googleapis.com/swiggy.presentation.food.v2.Dish","info":{"id":"40481432","name":"Pav (1 Pc)","category":"The Extras","description":"Lightly toasted in desi ghee.","imageId":"cwvrwbyk29qfzzzjo5og","isVeg":1,"price":1000,"variants":{},"variantsV2":{},"itemAttribute":{"vegClassifier":"VEG"},"ribbon":{},"type":"ITEM","itemBadge":{},"badgesV2":{},"ratings":{"aggregatedRating":{"rating":"4.1","ratingCount":"2369 ratings","ratingCountV2":"2369"}}},"analytics":{},"hideRestaurantDetails":true}}]}}},{"card":{"card":{"@type":"type.googleapis.com/swiggy.presentation.food.v2.ItemCategory","title":"Main Course","itemCards":[{"card":{"@type":"type.googleapis.com/swiggy.presentation.food.v2.Dish","info":{"id":"40800137","name":"Chulivarchi Misal","category":"Main Course","description":"Serves 1.","imageId":"pyirbg2ocenvigqyc4nw","isVeg":1,"price":10500,"variants":{},"variantsV2":{},"itemAttribute":{"vegClassifier":"VEG"},"ribbon":{},"type":"ITEM","itemBadge":{},"badgesV2":{},"ratings":{"aggregatedRating":{"rating":"4.0","ratingCount":"4449 ratings","ratingCountV2":"4449"}}},"analytics":{},"hideRestaurantDetails":true}}]}}},{"card":{"card":{"@type":"type.googleapis.com/swiggy.presentation.food.v2.ItemCategory","title":"On The Side","itemCards":[{"card":{"@type":"type.googleapis.com/swiggy.presentation.food.v2.Dish","info":{"id":"40481447","name":"Mineral Water (1 ltr)","category":"On The Side","isVeg":1,"price":2000,"variants":{},"variantsV2":{},"itemAttribute":{"vegClassifier":"VEG"},"ribbon":{},"type":"ITEM","itemBadge":{},"badgesV2":{},"ratings":{"aggregatedRating":{"rating":"4.7","ratingCount":"33 ratings","ratingCountV2":"33"}}},"analytics":{},"hideRestaurantDetails":true}}]}}},{"card":{"card":{"@type":"type.googleapis.com/swiggy.presentation.food.v2.ItemCategory","title":"Must Try","itemCards":[{"card":{"@type":"type.googleapis.com/swiggy.presentation.food.v2.Dish","info":{"id":"40481449","name":"Gulachi Jalebi","category":"Must Try","description":"Prepared in desi ghee and jaggery (serves 1).","imageId":"qjzm20fbp87zzyotnbmg","isVeg":1,"price":4500,"variants":{},"variantsV2":{},"itemAttribute":{"vegClassifier":"VEG"},"ribbon":{},"type":"ITEM","itemBadge":{},"badgesV2":{},"ratings":{"aggregatedRating":{"rating":"4.3","ratingCount":"1513 ratings","ratingCountV2":"1513"}}},"analytics":{},"hideRestaurantDetails":true}}]}}},{"card":{"card":{"@type":"type.googleapis.com/swiggy.presentation.food.v2.RestaurantLicenseInfo","type":"FSSAI","imageId":"fssai_final_edss9i","text":["License No. 11520027001252"]}}},{"card":{"card":{"@type":"type.googleapis.com/swiggy.presentation.food.v2.RestaurantAddress","name":"Sadhana Chulivarchi Misal","area":"Rajiv Gandhi Bhawan","completeAddress":"Maru Shopping Centre, Opp. Zilla Parishad, Trimbak Naka, Shalimar, Nashik, Maharashtra 422001"}}}]}}}}],"firstOffsetRequest":true,"isQCLink":false},"tid":"5962befe-3342-4387-b0e6-e1871f42cb59","sid":"8yl99cec-3c62-4543-a68b-5a863ec58ce7","deviceId":"66f1d22a-02c3-5f6f-e8e5-7dd060f63ee1","csrfToken":"kwcKef5021GU-rtpKzxRTphIotE-R8d1rl5YH5r0"}