{"statusCode":0,"data":{"statusMessage":"done successfully","cards":[{"card":{"card":{"@type":"type.googleapis.com/swiggy.presentation.food.v2.Restaurant","info":{"id":"190535","name":"Bagga Sweets","city":"Nashik","slugs":{"restaurant":"bagga-snacks-bombay-naka-bombay-naka","city":"nashik"},"uniqueId":"066b9ddf-fe10-4059-b46f-a5c749a20fcc","cloudinaryImageId":"xwtt102lwlpl8nvtjjxq","locality":"Mohan Nagar","areaName":"Singada Talao","costForTwo":"20000","costForTwoMessage":"₹200 for two","cuisines":["Desserts","Sweets"],"avgRating":4.4,"veg":true,"feeDetails":{"restaurantId":"190535","fees":[{"name":"distance","fee":2100},{"name":"time"},{"name":"special"}],"totalFee":2100,"title":"Delivery Charge","amount":"2100"},"parentId":"39616","avgRatingString":"4.4","totalRatingsString":"5K+ ratings","sla":{"restaurantId":"190535","deliveryTime":13,"minDeliveryTime":13,"maxDeliveryTime":13,"lastMileTravel":0.9,"serviceability":"SERVICEABLE","stressFactor":0.9491744,"rainMode":"RAIN_MODE_NONE","longDistance":"LONG_DISTANCE_NOT_LONG_DISTANCE","zoneId":551,"slaString":"13 MINS","lastMileTravelString":"0.8 km","iconType":"ICON_TYPE_EMPTY"},"availability":{"nextOpenTimeMessage":"Opens next at 8:35 am, tomorrow","nextOpenTime":"2023-08-26 08:35:00","visibility":true,"restaurantClosedMeta":{}},"aggregatedDiscountInfo":{"header":"10% off","shortDescriptionList":[{"meta":"10% off | Use TRYNEW","discountType":"Percentage","operationType":"RESTAURANT"},{"discountType":"Percentage","operationType":"RESTAURANT"}],"descriptionList":[{"meta":"10% off up to ₹40 | Use code TRYNEW","discountType":"Percentage","operationType":"RESTAURANT"},{"meta":"20% off up to ₹100 | Use RUPAY100 Above ₹129","discountType":"Percentage","operationType":"RESTAURANT"}],"visible":true},"badges":{},"slugString":"bagga-snacks-bombay-naka-bombay-naka","labels":[{"title":"Timings","message":"null"},{"title":"Address","message":"Bagga Sweets, Shingada Talav, Renuka Nagar, Nashik, Maharashtra, India"},{"title":"Cuisines","message":"Desserts,Sweets"}],"totalRatings":5000,"aggregatedDiscountInfoV2":{"header":"10% off","shortDescriptionList":[{"meta":"10% off | Use TRYNEW","discountType":"Percentage","operationType":"RESTAURANT"},{"discountType":"Percentage","operationType":"RESTAURANT"}],"descriptionList":[{"meta":"10% off up to ₹40 | Use code TRYNEW","discountType":"Percentage","operationType":"RESTAURANT"},{"meta":"20% off up to ₹100 | Use RUPAY100 Above ₹129","discountType":"Percentage","operationType":"RESTAURANT"}],"couponDetailsCta":"View coupon details"},"type":"F","headerBanner":{"url":"swiggy://webview?is_external=false&webview_url=https://www.swiggy.com/restaurant-info/190535"},"ratingSlab":"RATING_SLAB_5","availabilityServiceabilityMessage":"Currently closed for delivery. Opens next at 8:35 am, tomorrow","orderabilityCommunication":{"title":{"text":"Currently"},"subTitle":{"text":"CLOSED"},"message":{"text":"Uh-oh! Outlet is not accepting orders at the moment. They should be back by 8:35 AM tomorrow","textColour":"primary"},"customIcon":{"bgGradientColorStart":"#EB8322","bgGradientColorEnd":"#EE5803"}},"hasBestsellerItems":true,"cartOrderabilityNudgeBanner":{"parameters":{},"presentation":{}},"latLong":"19.993272,73.78481699999998"},"analytics":{}},"relevance":{"type":"RELEVANCE_TYPE_CHECK_ORDERABILITY_ON_ITEM_ADD","sectionId":"POP_UP_CROUTON_MENU"}}},{"card":{"card":{"@type":"type.googleapis.com/swiggy.gandalf.widgets.v2.GridWidget","layout":{"rows":1,"columns":4,"horizontalScrollEnabled":true,"itemSpacing":12,"lineSpacing":10,"widgetPadding":{},"containerStyle":{"containerPadding":{"left":10,"right":10,"bottom":16}},"scrollBar":{}},"id":"offerCollectionWidget_UX4","gridElements":{"infoWithStyle":{"@type":"type.googleapis.com/swiggy.presentation.food.v2.OfferInfoWithStyle","offers":[{"info":{"header":"10% OFF UPTO ₹40","offerTagColor":"#E46D47","offerIds":["7c723814-e950-4de2-b240-99f4cd434931"],"expiryTime":"1970-01-01T00:00:00Z","couponCode":"USE TRYNEW","description":"ABOVE ₹149","offerType":"offers","restId":"190535","offerLogo":"offers/generic","descriptionTextColor":"#7302060C"},"cta":{"type":"OFFER_HALF_CARD"}},{"info":{"header":"20% OFF UPTO ₹100","offerTagColor":"#E46D47","logoBottom":"rng/md/ads/production/be912a4c543f00172d9f82c033ee7239","offerIds":["70a98e19-77b5-43d4-b6ec-3c32929ae868"],"expiryTime":"1970-01-01T00:00:00Z","couponCode":"USE RUPAY100","description":"ABOVE ₹129","offerType":"offers","restId":"190535","offerLogo":"rng/md/ads/production/be912a4c543f00172d9f82c033ee7239","descriptionTextColor":"#7302060C"},"cta":{"type":"OFFER_HALF_CARD"}},{"info":{"header":"15% OFF UPTO ₹300","offerTagColor":"#E46D47","logoBottom":"rng/md/ads/production/15fb1cfe885005447dc8375e7970600f","offerIds":["dc23cf1d-dce3-4ad1-8506-ff010e482b6e"],"expiryTime":"1970-01-01T00:00:00Z","couponCode":"USE CITIFOODIE","description":"ABOVE ₹1200","offerType":"offers","restId":"190535","offerLogo":"rng/md/ads/production/15fb1cfe885005447dc8375e7970600f","descriptionTextColor":"#7302060C"},"cta":{"type":"OFFER_HALF_CARD"}},{"info":{"header":"20% OFF UPTO ₹80","offerTagColor":"#E46D47","logoBottom":"rng/md/ads/production/6de08393313dbf29b8b4c610c30702ad","offerIds":["9b4931b9-0bea-4fdb-acb9-afa86da43919"],"expiryTime":"1970-01-01T00:00:00Z","couponCode":"USE ONECARD","description":"ABOVE ₹250","offerType":"offers","restId":"190535","offerLogo":"rng/md/ads/production/6de08393313dbf29b8b4c610c30702ad","descriptionTextColor":"#7302060C"},"cta":{"type":"OFFER_HALF_CARD"}}]}}}}},{"groupedCard":{"cardGroupMap":{"REGULAR":{"cards":[{"card":{"card":{"@type":"type.googleapis.com/swiggy.presentation.food.v2.MenuVegFilterAndBadge","isPureVeg":true,"badges":{},"vegOnlyDetails":{"imageId":"AutoVegOnly_qkjowj","title":"Showing only vegetarian options.","description":"Tap on the VEG ONLY button to turn off the setting"},"topRatedFilter":{}}}},{"card":{"card":{"@type":"type.googleapis.com/swiggy.presentation.food.v2.ItemCategory","title":"Fast Food","itemCards":[{"card":{"@type":"type.googleapis.com/swiggy.presentation.food.v2.Dish","info":{"id":"41497869","name":"Dhokla (250 gms)","category":"Fast Food","description":"Serves 1 | Dhokla is a steamed savory cake made with fermented batter of lentils and rice. The batter is steamed to a cake in a mould","imageId":"zckz1l5gnr4lablnxtld","isVeg":1,"price":7500,"variants":{"variantGroups":[{"groupId":"11667926","name":"Quantity","variations":[{"name":"250 Gms","default":1,"id":"38340931","inStock":1,"isVeg":1,"isEnabled":1},{"name":"500 Gms","price":6500,"id":"38340932","inStock":1,"isVeg":1,"isEnabled":1}]}]},"variantsV2":{},"itemAttribute":{"vegClassifier":"VEG","portionSize":"Serves 1"},"ribbon":{},"type":"ITEM","itemBadge":{},"badgesV2":{},"ratings":{"aggregatedRating":{"rating":"4.1","ratingCount":"406 ratings","ratingCountV2":"406"}}},"analytics":{},"hideRestaurantDetails":true}},{"card":{"@type":"type.googleapis.com/swiggy.presentation.food.v2.Dish","info":{"id":"86195543","name":"Samosa (1 Pc)","category":"Fast Food","description":"A samosa is a fried or baked with a savory filling, including ingredients such as spiced potatoes, onions, and peas","isVeg":1,"price":2300,"variants":{},"variantsV2":{},"itemAttribute":{"vegClassifier":"VEG"},"ribbon":{},"type":"ITEM","itemBadge":{},"badgesV2":{},"ratings":{"aggregatedRating":{"rating":"4.4","ratingCount":"1371 ratings","ratingCountV2":"1371"}}},"analytics":{},"hideRestaurantDetails":true}},{"card":{"@type":"type.googleapis.com/swiggy.presentation.food.v2.Dish","info":{"id":"41497866","name":"Kachori (1Pc)","category":"Fast Food","description":"Kachori is a deep-fried, crisp, and flaky Indian snack stuffed with a delicious vegetarian filling","imageId":"gcudvqbjijyedlo5pkym","isVeg":1,"price":2300,"variants":{},"variantsV2":{},"itemAttribute":{"vegClassifier":"VEG"},"ribbon":{},"type":"ITEM","itemBadge":{},"badgesV2":{},"ratings":{"aggregatedRating":{"rating":"4.2","ratingCount":"662 ratings","ratingCountV2":"662"}}},"analytics":{},"hideRestaurantDetails":true}},{"card":{"@type":"type.googleapis.com/swiggy.presentation.food.v2.Dish","info":{"id":"41497867","name":"Veg Pattice (1Pc)","category":"Fast Food","imageId":"rgzpluqyvwzgcrqaeupi","isVeg":1,"price":2300,"variants":{},"variantsV2":{},"itemAttribute":{"vegClassifier":"VEG"},"ribbon":{},"type":"ITEM","itemBadge":{},"badgesV2":{},"ratings":{"aggregatedRating":{"rating":"4.2","ratingCount":"432 ratings","ratingCountV2":"432"}}},"analytics":{},"hideRestaurantDetails":true}},{"card":{"@type":"type.googleapis.com/swiggy.presentation.food.v2.Dish","info":{"id":"41497871","name":"Chole Bhature","category":"Fast Food","imageId":"vuf5lrjdgaccrsomy3f2","isVeg":1,"price":15000,"variants":{},"variantsV2":{},"addons":[{"groupId":"7559992","groupName":"Add Ons","choices":[{"id":"12213940","name":"Bhatura","price":1500,"inStock":1,"isVeg":1,"isEnabled":1}],"maxAddons":1,"maxFreeAddons":-1}],"itemAttribute":{"vegClassifier":"VEG"},"ribbon":{"text":"Bestseller","textColor":"#ffffff","topBackgroundColor":"#d53d4c","bottomBackgroundColor":"#b02331"},"type":"ITEM","itemBadge":{},"badgesV2":{},"isBestseller":true,"ratings":{"aggregatedRating":{"rating":"4.0","ratingCount":"875 ratings","ratingCountV2":"875"}}},"analytics":{},"hideRestaurantDetails":true}},{"card":{"@type":"type.googleapis.com/swiggy.presentation.food.v2.Dish","info":{"id":"41497868","name":"Dahi Vada (1Pc)","category":"Fast Food","description":"Dahi vada are soft lentil fritters soaked in creamy yogurt. Dahi means yogurt and vada are deep fried fritters","imageId":"lflxjlbjlkeqqeukyirm","isVeg":1,"price":4500,"variants":{},"variantsV2":{},"itemAttribute":{"vegClassifier":"VEG"},"ribbon":{},"type":"ITEM","itemBadge":{},"badgesV2":{},"ratings":{"aggregatedRating":{"rating":"4.4","ratingCount":"359 ratings","ratingCountV2":"359"}}},"analytics":{},"hideRestaurantDetails":true}},{"card":{"@type":"type.googleapis.com/swiggy.presentation.food.v2.Dish","info":{"id":"41497870","name":"Butter Dabeli (1Pc)","category":"Fast Food","isVeg":1,"price":3000,"variants":{},"variantsV2":{},"itemAttribute":{"vegClassifier":"VEG"},"ribbon":{},"type":"ITEM","itemBadge":{},"badgesV2":{},"ratings":{"aggregatedRating":{"rating":"4.3","ratingCount":"383 ratings","ratingCountV2":"383"}}},"analytics":{},"hideRestaurantDetails":true}},{"card":{"@type":"type.googleapis.com/swiggy.presentation.food.v2.Dish","info":{"id":"41497873","name":"Raj Kachori (1Pc)","category":"Fast Food","imageId":"maqqt2cmqdymxlawpbco","isVeg":1,"price":9500,"variants":{},"variantsV2":{},"itemAttribute":{"vegClassifier":"VEG"},"ribbon":{},"type":"ITEM","itemBadge":{},"badgesV2":{},"ratings":{"aggregatedRating":{"rating":"4.0","ratingCount":"220 ratings","ratingCountV2":"220"}}},"analytics":{},"hideRestaurantDetails":true}},{"card":{"@type":"type.googleapis.com/swiggy.presentation.food.v2.Dish","info":{"id":"41497874","name":"Tokri Chaat (1Pc)","category":"Fast Food","description":"Basket puri chaat is a tasty chaat recipe made with crispy deep-fried bowls or baskets.","imageId":"jrpdkru3wp7kejjrn485","isVeg":1,"price":9500,"variants":{},"variantsV2":{},"itemAttribute":{"vegClassifier":"VEG"},"ribbon":{"text":"Bestseller","textColor":"#ffffff","topBackgroundColor":"#d53d4c","bottomBackgroundColor":"#b02331"},"type":"ITEM","itemBadge":{},"badgesV2":{},"isBestseller":true,"ratings":{"aggregatedRating":{"rating":"4.3","ratingCount":"459 ratings","ratingCountV2":"459"}}},"analytics":{},"hideRestaurantDetails":true}}]}}},{"card":{"card":{"@type":"type.googleapis.com/swiggy.presentation.food.v2.ItemCategory","title":"Assorted Mix","itemCards":[{"card":{"@type":"type.googleapis.com/swiggy.presentation.food.v2.Dish","info":{"id":"62752047","name":"Assorted Mix","category":"Assorted Mix","description":"Serves 1","isVeg":1,"price":22000,"variants":{"variantGroups":[{"groupId":"8618260","name":"Quantity","variations":[{"name":"250 Gms","id":"28667208","inStock":1,"isVeg":1,"isEnabled":1},{"name":"500 Gms","price":22000,"default":1,"id":"28667209","inStock":1,"isVeg":1,"isEnabled":1}]}]},"variantsV2":{},"itemAttribute":{"vegClassifier":"VEG","portionSize":"Serves 1"},"ribbon":{},"type":"ITEM","itemBadge":{},"badgesV2":{},"ratings":{"aggregatedRating":{"rating":"3.9","ratingCount":"20 ratings","ratingCountV2":"20"}}},"analytics":{},"hideRestaurantDetails":true}}]}}},{"card":{"card":{"@type":"type.googleapis.com/swiggy.presentation.food.v2.ItemCategory","title":"Bonanza","itemCards":[{"card":{"@type":"type.googleapis.com/swiggy.presentation.food.v2.Dish","info":{"id":"41497858","name":"Rabri (Basundi)","category":"Bonanza","description":"Serves 1 | Rabdi is reduced milk with sugar and flavours. It is therefore very rich, creamy, sweet and can be processed to have different textures as the chef decides.","imageId":"ej5ouwa9oqkriimhxtqh","isVeg":1,"price":16000,"variants":{"variantGroups":[{"groupId":"4486368","name":"Quantity","variations":[{"name":"250 gms","default":1,"id":"14440967","inStock":1,"isVeg":1,"isEnabled":1},{"name":"500 gms","price":16000,"id":"14440968","inStock":1,"isVeg":1,"isEnabled":1},{"name":"750 gms","price":32000,"id":"14440969","inStock":1,"isVeg":1,"isEnabled":1},{"name":"1000 gms","price":48000,"id":"14440970","inStock":1,"isVeg":1,"isEnabled":1}]}]},"variantsV2":{},"itemAttribute":{"vegClassifier":"VEG","portionSize":"Serves 1"},"ribbon":{"text":"Bestseller","textColor":"#ffffff","topBackgroundColor":"#d53d4c","bottomBackgroundColor":"#b02331"},"type":"ITEM","itemBadge":{},"badgesV2":{},"isBestseller":true,"ratings":{"aggregatedRating":{"rating":"4.6","ratingCount":"652 ratings","ratingCountV2":"652"}}},"analytics":{},"hideRestaurantDetails":true}},{"card":{"@type":"type.googleapis.com/swiggy.presentation.food.v2.Dish","info":{"id":"41497859","name":"Angoori Rasmalai","category":"Bonanza","description":"Angoori rasmalai or angoor rabdi is a dessert made with fresh Indian cottage cheese","imageId":"qaa47clggfsjhn9stcpp","isVeg":1,"price":16000,"variants":{"variantGroups":[{"groupId":"4486369","name":"Quantity","variations":[{"name":"250 gms","default":1,"id":"14440971","inStock":1,"isVeg":1,"isEnabled":1},{"name":"500 gms","price":16000,"id":"14440972","inStock":1,"isVeg":1,"isEnabled":1},{"name":"750 gms","price":32000,"id":"14440973","inStock":1,"isVeg":1,"isEnabled":1},{"name":"1000 gms","price":48000,"id":"14440974","inStock":1,"isVeg":1,"isEnabled":1}]}]},"variantsV2":{},"itemAttribute":{"vegClassifier":"VEG"},"ribbon":{"text":"Bestseller","textColor":"#ffffff","topBackgroundColor":"#d53d4c","bottomBackgroundColor":"#b02331"},"type":"ITEM","itemBadge":{},"badgesV2":{},"isBestseller":true,"ratings":{"aggregatedRating":{"rating":"4.4","ratingCount":"434 ratings","ratingCountV2":"434"}}},"analytics":{},"hideRestaurantDetails":true}},{"card":{"@type":"type.googleapis.com/swiggy.presentation.food.v2.Dish","info":{"id":"41497860","name":"Paneer Jalebi","category":"Bonanza","imageId":"ojhpfwkhinzxvbn6tctr","isVeg":1,"price":19000,"variants":{"variantGroups":[{"groupId":"4486370","name":"Quantity","variations":[{"name":"250 gms","default":1,"id":"14440975","inStock":1,"isVeg":1,"isEnabled":1},{"name":"500 gms","price":19000,"id":"14440976","inStock":1,"isVeg":1,"isEnabled":1},{"name":"750 gms","price":38000,"id":"14440977","inStock":1,"isVeg":1,"isEnabled":1},{"name":"1000 gms","price":57000,"id":"14440978","inStock":1,"isVeg":1,"isEnabled":1}]}]},"variantsV2":{},"itemAttribute":{"vegClassifier":"VEG"},"ribbon":{},"type":"ITEM","itemBadge":{},"badgesV2":{},"ratings":{"aggregatedRating":{"rating":"4.5","ratingCount":"176 ratings","ratingCountV2":"176"}}},"analytics":{},"hideRestaurantDetails":true}},{"card":{"@type":"type.googleapis.com/swiggy.presentation.food.v2.Dish","info":{"id":"41497861","name":"Gulab jamun","category":"Bonanza","description":"Gulab jamun is milk solid based sweet with chasni often served as dessert.","imageId":"van8mexyesqdiyof1op4","isVeg":1,"price":11000,"variants":{"variantGroups":[{"groupId":"4486371","name":"Quantity","variations":[{"name":"250 gms","default":1,"id":"14440979","inStock":1,"isVeg":1,"isEnabled":1},{"name":"500 gms","price":11000,"id":"14440980","inStock":1,"isVeg":1,"isEnabled":1},{"name":"750 gms","price":22000,"id":"14440981","inStock":1,"isVeg":1,"isEnabled":1},{"name":"1000 gms","price":33000,"id":"14440982","inStock":1,"isVeg":1,"isEnabled":1}]}]},"variantsV2":{},"itemAttribute":{"vegClassifier":"VEG"},"ribbon":{"text":"Bestseller","textColor":"#ffffff","topBackgroundColor":"#d53d4c","bottomBackgroundColor":"#b02331"},"type":"ITEM","itemBadge":{},"badgesV2":{},"isBestseller":true,"ratings":{"aggregatedRating":{"rating":"4.6","ratingCount":"461 ratings","ratingCountV2":"461"}}},"analytics":{},"hideRestaurantDetails":true}},{"card":{"@type":"type.googleapis.com/swiggy.presentation.food.v2.Dish","info":{"id":"41497862","name":"Dry Gulab Jamun","category":"Bonanza","imageId":"qsej3ecxxd8xq9kzgg4s","isVeg":1,"price":14000,"variants":{"variantGroups":[{"groupId":"4486372","name":"Quantity","variations":[{"name":"250 gms","default":1,"id":"14440983","inStock":1,"isVeg":1,"isEnabled":1},{"name":"500 gms","price":14000,"id":"14440984","inStock":1,"isVeg":1,"isEnabled":1},{"name":"750 gms","price":28000,"id":"14440985","inStock":1,"isVeg":1,"isEnabled":1},{"name":"1000 gms","price":42000,"id":"14440986","inStock":1,"isVeg":1,"isEnabled":1}]}]},"variantsV2":{},"itemAttribute":{"vegClassifier":"VEG"},"ribbon":{},"type":"ITEM","itemBadge":{},"badgesV2":{},"ratings":{"aggregatedRating":{"rating":"4.5","ratingCount":"185 ratings","ratingCountV2":"185"}}},"analytics":{},"hideRestaurantDetails":true}},{"card":{"@type":"type.googleapis.com/swiggy.presentation.food.v2.Dish","info":{"id":"41497863","name":"Motichur Laddu","category":"Bonanza","description":"Motichur laddu are soft, delish melt in the mouth ladoo made mainly with gram flour, sugar, and spices","imageId":"km4hvnm5fkj4e1oc0qw6","isVeg":1,"price":11000,"variants":{"variantGroups":[{"groupId":"4486373","name":"Quantity","variations":[{"name":"250 gms","default":1,"id":"14440987","inStock":1,"isVeg":1,"isEnabled":1},{"name":"500 gms","price":11000,"id":"14440988","inStock":1,"isVeg":1,"isEnabled":1},{"name":"750 gms","price":22000,"id":"14440989","inStock":1,"isVeg":1,"isEnabled":1},{"name":"1000 gms","price":33000,"id":"14440990","inStock":1,"isVeg":1,"isEnabled":1}]}]},"variantsV2":{},"itemAttribute":{"vegClassifier":"VEG"},"ribbon":{"text":"Bestseller","textColor":"#ffffff","topBackgroundColor":"#d53d4c","bottomBackgroundColor":"#b02331"},"type":"ITEM","itemBadge":{},"badgesV2":{},"isBestseller":true,"ratings":{"aggregatedRating":{"rating":"4.6","ratingCount":"284 ratings","ratingCountV2":"284"}}},"analytics":{},"hideRestaurantDetails":true}},{"card":{"@type":"type.googleapis.com/swiggy.presentation.food.v2.Dish","info":{"id":"41497864","name":"Kaju Katli","category":"Bonanza","description":"Kaju katli is a traditional Indian dessert characterized by its diamond shape, made with cashew nuts, sugar, cardamom powder and ghee butter.","imageId":"uyqvalx5d7nvqprtfuzv","isVeg":1,"price":30000,"variants":{"variantGroups":[{"groupId":"4486374","name":"Quantity","variations":[{"name":"250 gms","default":1,"id":"14440991","inStock":1,"isVeg":1,"isEnabled":1},{"name":"500 gms","price":30000,"id":"14440992","inStock":1,"isVeg":1,"isEnabled":1},{"name":"750 gms","price":60000,"id":"14440993","inStock":1,"isVeg":1,"isEnabled":1},{"name":"1000 gms","price":90000,"id":"14440994","inStock":1,"isVeg":1,"isEnabled":1}]}]},"variantsV2":{},"itemAttribute":{"vegClassifier":"VEG"},"ribbon":{},"type":"ITEM","itemBadge":{},"badgesV2":{},"ratings":{"aggregatedRating":{"rating":"4.7","ratingCount":"190 ratings","ratingCountV2":"190"}}},"analytics":{},"hideRestaurantDetails":true}}]}}},{"card":{"card":{"@type":"type.googleapis.com/swiggy.presentation.food.v2.ItemCategory","title":"Peda","itemCards":[{"card":{"@type":"type.googleapis.com/swiggy.presentation.food.v2.Dish","info":{"id":"41497833","name":"Malai Peda","category":"Peda","description":"Serves 1 | Malai Peda is a famous Indian dessert made from condensed milk and a special process of curdling condensed milk turns it into a richly textured product like Khoya, which then flavored with cardamom and saffron.","imageId":"ocsboq360utlsyffreb2","isVeg":1,"price":19000,"variants":{"variantGroups":[{"groupId":"4486347","name":"Quantity","variations":[{"name":"250 gms","default":1,"id":"14440883","inStock":1,"isVeg":1,"isEnabled":1},{"name":"500 gms","price":19000,"id":"14440884","inStock":1,"isVeg":1,"isEnabled":1},{"name":"750 gms","price":38000,"id":"14440885","inStock":1,"isVeg":1,"isEnabled":1},{"name":"1000 gms","price":57000,"id":"14440886","inStock":1,"isVeg":1,"isEnabled":1}]}]},"variantsV2":{},"itemAttribute":{"vegClassifier":"VEG","portionSize":"Serves 1"},"ribbon":{},"type":"ITEM","itemBadge":{},"badgesV2":{},"ratings":{"aggregatedRating":{"rating":"4.7","ratingCount":"174 ratings","ratingCountV2":"174"}}},"analytics":{},"hideRestaurantDetails":true}},{"card":{"@type":"type.googleapis.com/swiggy.presentation.food.v2.Dish","info":{"id":"41497837","name":"Kesar Peda","category":"Peda","description":"Soft and creamy Kesar Penda (Kesar Peda) are a golden yellow sweet made from milk, sugar and saffron","imageId":"cc7dmggfldvflyxw3kn7","isVeg":1,"price":19000,"variants":{"variantGroups":[{"groupId":"4486348","name":"Quantity","variations":[{"name":"250 gms","default":1,"id":"14440887","inStock":1,"isVeg":1,"isEnabled":1},{"name":"500 gms","price":19000,"id":"14440888","inStock":1,"isVeg":1,"isEnabled":1},{"name":"750 gms","price":38000,"id":"14440889","inStock":1,"isVeg":1,"isEnabled":1},{"name":"1000 gms","price":57000,"id":"14440890","inStock":1,"isVeg":1,"isEnabled":1}]}]},"variantsV2":{},"itemAttribute":{"vegClassifier":"VEG"},"ribbon":{},"type":"ITEM","itemBadge":{},"badgesV2":{},"ratings":{"aggregatedRating":{"rating":"4.6","ratingCount":"100 ratings","ratingCountV2":"100"}}},"analytics":{},"hideRestaurantDetails":true}},{"card":{"@type":"type.googleapis.com/swiggy.presentation.food.v2.Dish","info":{"id":"41497838","name":"Pakka Peda","category":"Peda","imageId":"qtmktvpphdjqo42ieupu","isVeg":1,"price":19000,"variants":{"variantGroups":[{"groupId":"4486349","name":"Quantity","variations":[{"name":"250 gms","default":1,"id":"14440891","inStock":1,"isVeg":1,"isEnabled":1},{"name":"500 gms","price":19000,"id":"14440892","inStock":1,"isVeg":1,"isEnabled":1},{"name":"750 gms","price":38000,"id":"14440893","inStock":1,"isVeg":1,"isEnabled":1},{"name":"1000 gms","price":57000,"id":"14440894","inStock":1,"isVeg":1,"isEnabled":1}]}]},"variantsV2":{},"itemAttribute":{"vegClassifier":"VEG"},"ribbon":{},"type":"ITEM","itemBadge":{},"badgesV2":{},"ratings":{"aggregatedRating":{"rating":"4.7","ratingCount":"44 ratings","ratingCountV2":"44"}}},"analytics":{},"hideRestaurantDetails":true}},{"card":{"@type":"type.googleapis.com/swiggy.presentation.food.v2.Dish","info":{"id":"41497839","name":"Gulkand Peda","category":"Peda","isVeg":1,"price":20000,"variants":{"variantGroups":[{"groupId":"4486350","name":"Quantity","variations":[{"name":"250 gms","default":1,"id":"14440895","inStock":1,"isVeg":1,"isEnabled":1},{"name":"500 gms","price":20000,"id":"14440896","inStock":1,"isVeg":1,"isEnabled":1},{"name":"750 gms","price":40000,"id":"14440897","inStock":1,"isVeg":1,"isEnabled":1},{"name":"1000 gms","price":60000,"id":"14440898","inStock":1,"isVeg":1,"isEnabled":1}]}]},"variantsV2":{},"itemAttribute":{"vegClassifier":"VEG"},"ribbon":{},"type":"ITEM","itemBadge":{},"badgesV2":{},"ratings":{"aggregatedRating":{}}},"analytics":{},"hideRestaurantDetails":true}}]}}},{"card":{"card":{"@type":"type.googleapis.com/swiggy.presentation.food.v2.ItemCategory","title":"Barfis","itemCards":[{"card":{"@type":"type.googleapis.com/swiggy.presentation.food.v2.Dish","info":{"id":"41497840","name":"Malai Barfi","category":"Barfis","description":"Serves 1 | Malai barfi is an exotic taste of India that tempts you to gulp it once you taste it has an eye pleasing white colour.","imageId":"sbjbjhczgauxgapv0wr8","isVeg":1,"price":22000,"variants":{"variantGroups":[{"groupId":"4486351","name":"Quantity","variations":[{"name":"250 gms","default":1,"id":"14440899","inStock":1,"isVeg":1,"isEnabled":1},{"name":"500 gms","price":22000,"id":"14440900","inStock":1,"isVeg":1,"isEnabled":1},{"name":"750 gms","price":44000,"id":"14440901","inStock":1,"isVeg":1,"isEnabled":1},{"name":"1000 gms","price":66000,"id":"14440902","inStock":1,"isVeg":1,"isEnabled":1}]}]},"variantsV2":{},"itemAttribute":{"vegClassifier":"VEG","portionSize":"Serves 1"},"ribbon":{"text":"Bestseller","textColor":"#ffffff","topBackgroundColor":"#d53d4c","bottomBackgroundColor":"#b02331"},"type":"ITEM","itemBadge":{},"badgesV2":{},"isBestseller":true,"ratings":{"aggregatedRating":{"rating":"4.5","ratingCount":"387 ratings","ratingCountV2":"387"}}},"analytics":{},"hideRestaurantDetails":true}},{"card":{"@type":"type.googleapis.com/swiggy.presentation.food.v2.Dish","info":{"id":"41497841","name":"Mango Malai Barfi","category":"Barfis","description":"Mithas Mango Malai Barfi Is Very Traditional And Delicious Dessert,Prepared From The Best Quality Full Cream Milk","isVeg":1,"price":22000,"variants":{"variantGroups":[{"groupId":"4486352","name":"Quantity","variations":[{"name":"250 gms","default":1,"id":"14440903","inStock":1,"isVeg":1,"isEnabled":1},{"name":"500 gms","price":22000,"id":"14440904","inStock":1,"isVeg":1,"isEnabled":1},{"name":"750 gms","price":44000,"id":"14440905","inStock":1,"isVeg":1,"isEnabled":1},{"name":"1000 gms","price":66000,"id":"14440906","inStock":1,"isVeg":1,"isEnabled":1}]}]},"variantsV2":{},"itemAttribute":{"vegClassifier":"VEG"},"ribbon":{},"type":"ITEM","itemBadge":{},"badgesV2":{},"ratings":{"aggregatedRating":{"rating":"4.7","ratingCount":"103 ratings","ratingCountV2":"103"}}},"analytics":{},"hideRestaurantDetails":true}},{"card":{"@type":"type.googleapis.com/swiggy.presentation.food.v2.Dish","info":{"id":"41497842","name":"Anjeer Malai Barfi","category":"Barfis","imageId":"cwatyvcm2covtlfketrg","isVeg":1,"price":22000,"variants":{"variantGroups":[{"groupId":"4486353","name":"Quantity","variations":[{"name":"250 gms","default":1,"id":"14440907","inStock":1,"isVeg":1,"isEnabled":1},{"name":"500 gms","price":22000,"id":"14440908","inStock":1,"isVeg":1,"isEnabled":1},{"name":"750 gms","price":44000,"id":"14440909","inStock":1,"isVeg":1,"isEnabled":1},{"name":"1000 gms","price":66000,"id":"14440910","inStock":1,"isVeg":1,"isEnabled":1}]}]},"variantsV2":{},"itemAttribute":{"vegClassifier":"VEG"},"ribbon":{},"type":"ITEM","itemBadge":{},"badgesV2":{},"ratings":{"aggregatedRating":{"rating":"4.3","ratingCount":"147 ratings","ratingCountV2":"147"}}},"analytics":{},"hideRestaurantDetails":true}},{"card":{"@type":"type.googleapis.com/swiggy.presentation.food.v2.Dish","info":{"id":"41497843","name":"Dry Fruit Malai Barfi","category":"Barfis","isVeg":1,"price":22000,"variants":{"variantGroups":[{"groupId":"4486354","name":"Quantity","variations":[{"name":"250 gms","default":1,"id":"14440911","inStock":1,"isVeg":1,"isEnabled":1},{"name":"500 gms","price":22000,"id":"14440912","inStock":1,"isVeg":1,"isEnabled":1},{"name":"750 gms","price":44000,"id":"14440913","inStock":1,"isVeg":1,"isEnabled":1},{"name":"1000 gms","price":66000,"id":"14440914","inStock":1,"isVeg":1,"isEnabled":1}]}]},"variantsV2":{},"itemAttribute":{"vegClassifier":"VEG"},"ribbon":{},"type":"ITEM","itemBadge":{},"badgesV2":{},"ratings":{"aggregatedRating":{"rating":"4.8","ratingCount":"33 ratings","ratingCountV2":"33"}}},"analytics":{},"hideRestaurantDetails":true}},{"card":{"@type":"type.googleapis.com/swiggy.presentation.food.v2.Dish","info":{"id":"41497844","name":"French Vanilla Barfi","category":"Barfis","isVeg":1,"price":22000,"variants":{"variantGroups":[{"groupId":"4486355","name":"Quantity","variations":[{"name":"250 gms","default":1,"id":"14440915","inStock":1,"isVeg":1,"isEnabled":1},{"name":"500 gms","price":22000,"id":"14440916","inStock":1,"isVeg":1,"isEnabled":1},{"name":"750 gms","price":44000,"id":"14440917","inStock":1,"isVeg":1,"isEnabled":1},{"name":"1000 gms","price":66000,"id":"14440918","inStock":1,"isVeg":1,"isEnabled":1}]}]},"variantsV2":{},"itemAttribute":{"vegClassifier":"VEG"},"ribbon":{},"type":"ITEM","itemBadge":{},"badgesV2":{},"ratings":{"aggregatedRating":{}}},"analytics":{},"hideRestaurantDetails":true}},{"card":{"@type":"type.googleapis.com/swiggy.presentation.food.v2.Dish","info":{"id":"41497845","name":"Milk Cake","category":"Barfis","imageId":"axgtnbn9jsk4eukz2rsf","isVeg":1,"price":22000,"variants":{"variantGroups":[{"groupId":"4486356","name":"Quantity","variations":[{"name":"250 gms","default":1,"id":"14440919","inStock":1,"isVeg":1,"isEnabled":1},{"name":"500 gms","price":22000,"id":"14440920","inStock":1,"isVeg":1,"isEnabled":1},{"name":"750 gms","price":44000,"id":"14440921","inStock":1,"isVeg":1,"isEnabled":1},{"name":"1000 gms","price":66000,"id":"14440922","inStock":1,"isVeg":1,"isEnabled":1}]}]},"variantsV2":{},"itemAttribute":{"vegClassifier":"VEG"},"ribbon":{},"type":"ITEM","itemBadge":{},"badgesV2":{},"ratings":{"aggregatedRating":{"rating":"4.6","ratingCount":"208 ratings","ratingCountV2":"208"}}},"analytics":{},"hideRestaurantDetails":true}},{"card":{"@type":"type.googleapis.com/swiggy.presentation.food.v2.Dish","info":{"id":"41497847","name":"Swiss Chocolate Barfi","category":"Barfis","isVeg":1,"price":22000,"variants":{"variantGroups":[{"groupId":"4486357","name":"Quantity","variations":[{"name":"250 gms","default":1,"id":"14440923","inStock":1,"isVeg":1,"isEnabled":1},{"name":"500 gms","price":22000,"id":"14440924","inStock":1,"isVeg":1,"isEnabled":1},{"name":"750 gms","price":43800,"id":"14440925","inStock":1,"isVeg":1,"isEnabled":1},{"name":"1000 gms","price":66000,"id":"14440926","inStock":1,"isVeg":1,"isEnabled":1}]}]},"variantsV2":{},"itemAttribute":{"vegClassifier":"VEG"},"ribbon":{},"type":"ITEM","itemBadge":{},"badgesV2":{},"ratings":{"aggregatedRating":{"rating":"4.2","ratingCount":"3 ratings","ratingCountV2":"3"}}},"analytics":{},"hideRestaurantDetails":true}},{"card":{"@type":"type.googleapis.com/swiggy.presentation.food.v2.Dish","info":{"id":"41497848","name":"Mango Pineapple Barfi","category":"Barfis","isVeg":1,"price":22000,"variants":{"variantGroups":[{"groupId":"4486358","name":"Quantity","variations":[{"name":"250 gms","default":1,"id":"14440927","inStock":1,"isVeg":1,"isEnabled":1},{"name":"500 gms","price":22000,"id":"14440928","inStock":1,"isVeg":1,"isEnabled":1},{"name":"750 gms","price":44000,"id":"14440929","inStock":1,"isVeg":1,"isEnabled":1},{"name":"1000 gms","price":66000,"id":"14440930","inStock":1,"isVeg":1,"isEnabled":1}]}]},"variantsV2":{},"itemAttribute":{"vegClassifier":"VEG"},"ribbon":{},"type":"ITEM","itemBadge":{},"badgesV2":{},"ratings":{"aggregatedRating":{"rating":"4.9","ratingCount":"17 ratings","ratingCountV2":"17"}}},"analytics":{},"hideRestaurantDetails":true}},{"card":{"@type":"type.googleapis.com/swiggy.presentation.food.v2.Dish","info":{"id":"41497849","name":"Kashmiri Chocolate Barfi","category":"Barfis","isVeg":1,"price":22000,"variants":{"variantGroups":[{"groupId":"4486359","name":"Quantity","variations":[{"name":"250 gms","default":1,"id":"14440931","inStock":1,"isVeg":1,"isEnabled":1},{"name":"500 gms","price":22000,"id":"14440932","inStock":1,"isVeg":1,"isEnabled":1},{"name":"750 gms","price":44000,"id":"14440933","inStock":1,"isVeg":1,"isEnabled":1},{"name":"1000 gms","price":66000,"id":"14440934","inStock":1,"isVeg":1,"isEnabled":1}]}]},"variantsV2":{},"itemAttribute":{"vegClassifier":"VEG"},"ribbon":{},"type":"ITEM","itemBadge":{},"badgesV2":{},"ratings":{"aggregatedRating":{"rating":"4.9","ratingCount":"4 ratings","ratingCountV2":"4"}}},"analytics":{},"hideRestaurantDetails":true}},{"card":{"@type":"type.googleapis.com/swiggy.presentation.food.v2.Dish","info":{"id":"41497850","name":"Strawberry Barfi","category":"Barfis","isVeg":1,"price":22000,"variants":{"variantGroups":[{"groupId":"4486360","name":"Quantity","variations":[{"name":"250 gms","default":1,"id":"14440935","inStock":1,"isVeg":1,"isEnabled":1},{"name":"500 gms","price":21800,"id":"14440936","inStock":1,"isVeg":1,"isEnabled":1},{"name":"750 gms","price":44000,"id":"14440937","inStock":1,"isVeg":1,"isEnabled":1},{"name":"1000 gms","price":66000,"id":"14440938","inStock":1,"isVeg":1,"isEnabled":1}]}]},"variantsV2":{},"itemAttribute":{"vegClassifier":"VEG"},"ribbon":{},"type":"ITEM","itemBadge":{},"badgesV2":{},"ratings":{"aggregatedRating":{}}},"analytics":{},"hideRestaurantDetails":true}},{"card":{"@type":"type.googleapis.com/swiggy.presentation.food.v2.Dish","info":{"id":"41497853","name":"Gulkand Barfi","category":"Barfis","isVeg":1,"price":22000,"variants":{"variantGroups":[{"groupId":"4486363","name":"Quantity","variations":[{"name":"250 gms","default":1,"id":"14440947","inStock":1,"isVeg":1,"isEnabled":1},{"name":"500 gms","price":21900,"id":"14440948","inStock":1,"isVeg":1,"isEnabled":1},{"name":"750 gms","price":44000,"id":"14440949","inStock":1,"isVeg":1,"isEnabled":1},{"name":"1000 gms","price":66000,"id":"14440950","inStock":1,"isVeg":1,"isEnabled":1}]}]},"variantsV2":{},"itemAttribute":{"vegClassifier":"VEG"},"ribbon":{},"type":"ITEM","itemBadge":{},"badgesV2":{},"ratings":{"aggregatedRating":{"rating":"4.6","ratingCount":"7 ratings","ratingCountV2":"7"}}},"analytics":{},"hideRestaurantDetails":true}},{"card":{"@type":"type.googleapis.com/swiggy.presentation.food.v2.Dish","info":{"id":"86791157","name":"Black Current Barfi","category":"Barfis","isVeg":1,"price":22000,"variants":{"variantGroups":[{"groupId":"13698737","name":"Quantity","variations":[{"name":"250 Gms","default":1,"id":"44442169","inStock":1,"isVeg":1,"isEnabled":1},{"name":"500 Gms","price":21800,"id":"44442170","inStock":1,"isVeg":1,"isEnabled":1},{"name":"750 Gms","price":44000,"id":"44442171","inStock":1,"isVeg":1,"isEnabled":1},{"name":"1000 Gms","price":66000,"id":"44442172","inStock":1,"isVeg":1,"isEnabled":1}]}]},"variantsV2":{},"itemAttribute":{"vegClassifier":"VEG"},"ribbon":{},"type":"ITEM","itemBadge":{},"badgesV2":{},"ratings":{"aggregatedRating":{}}},"analytics":{},"hideRestaurantDetails":true}}]}}},{"card":{"card":{"@type":"type.googleapis.com/swiggy.presentation.food.v2.ItemCategory","title":"Shrikhand","itemCards":[{"card":{"@type":"type.googleapis.com/swiggy.presentation.food.v2.Dish","info":{"id":"41497854","name":"Elaichi Shrikhand","category":"Shrikhand","description":"Serves 1","isVeg":1,"price":9500,"variants":{"variantGroups":[{"groupId":"4486364","name":"Quantity","variations":[{"name":"250 gms","default":1,"id":"14440951","inStock":1,"isVeg":1,"isEnabled":1},{"name":"500 gms","price":9500,"id":"14440952","inStock":1,"isVeg":1,"isEnabled":1},{"name":"750 gms","price":19000,"id":"14440953","inStock":1,"isVeg":1,"isEnabled":1},{"name":"1000 gms","price":28500,"id":"14440954","inStock":1,"isVeg":1,"isEnabled":1}]}]},"variantsV2":{},"itemAttribute":{"vegClassifier":"VEG","portionSize":"Serves 1"},"ribbon":{},"type":"ITEM","itemBadge":{},"badgesV2":{},"ratings":{"aggregatedRating":{"rating":"4.4","ratingCount":"255 ratings","ratingCountV2":"255"}}},"analytics":{},"hideRestaurantDetails":true}},{"card":{"@type":"type.googleapis.com/swiggy.presentation.food.v2.Dish","info":{"id":"41497855","name":"Mango Shrikhand","category":"Shrikhand","description":"Mango Shrikhand, popularly known as Amrakhand is a delicious fruity twist to the traditional plain Shrikhand recipe","imageId":"hhgya4xucpq4rryycct4","isVeg":1,"price":11000,"variants":{"variantGroups":[{"groupId":"4486365","name":"Quantity","variations":[{"name":"250 gms","default":1,"id":"14440955","inStock":1,"isVeg":1,"isEnabled":1},{"name":"500 gms","price":11000,"id":"14440956","inStock":1,"isVeg":1,"isEnabled":1},{"name":"750 gms","price":22000,"id":"14440957","inStock":1,"isVeg":1,"isEnabled":1},{"name":"1000 gms","price":33000,"id":"14440958","inStock":1,"isVeg":1,"isEnabled":1}]}]},"variantsV2":{},"itemAttribute":{"vegClassifier":"VEG"},"ribbon":{},"type":"ITEM","itemBadge":{},"badgesV2":{},"ratings":{"aggregatedRating":{"rating":"4.3","ratingCount":"218 ratings","ratingCountV2":"218"}}},"analytics":{},"hideRestaurantDetails":true}}]}}},{"card":{"card":{"@type":"type.googleapis.com/swiggy.presentation.food.v2.ItemCategory","title":"Namkeen","itemCards":[{"card":{"@type":"type.googleapis.com/swiggy.presentation.food.v2.Dish","info":{"id":"41497875","name":"Mix Farsan (200 mg)","category":"Namkeen","description":"Serves 1","isVeg":1,"price":8500,"variants":{},"variantsV2":{},"itemAttribute":{"vegClassifier":"VEG","portionSize":"Serves 1"},"ribbon":{},"type":"ITEM","itemBadge":{},"badgesV2":{},"ratings":{"aggregatedRating":{"rating":"4.6","ratingCount":"79 ratings","ratingCountV2":"79"}}},"analytics":{},"hideRestaurantDetails":true}},{"card":{"@type":"type.googleapis.com/swiggy.presentation.food.v2.Dish","info":{"id":"41497876","name":"Yellow Small Shev","category":"Namkeen","isVeg":1,"price":8500,"variants":{},"variantsV2":{},"itemAttribute":{"vegClassifier":"VEG"},"ribbon":{},"type":"ITEM","itemBadge":{},"badgesV2":{},"ratings":{"aggregatedRating":{"rating":"4.8","ratingCount":"29 ratings","ratingCountV2":"29"}}},"analytics":{},"hideRestaurantDetails":true}},{"card":{"@type":"type.googleapis.com/swiggy.presentation.food.v2.Dish","info":{"id":"41497877","name":"Namkeen Boondi","category":"Namkeen","isVeg":1,"price":8500,"variants":{},"variantsV2":{},"itemAttribute":{"vegClassifier":"VEG"},"ribbon":{},"type":"ITEM","itemBadge":{},"badgesV2":{},"ratings":{"aggregatedRating":{"rating":"4.3","ratingCount":"17 ratings","ratingCountV2":"17"}}},"analytics":{},"hideRestaurantDetails":true}},{"card":{"@type":"type.googleapis.com/swiggy.presentation.food.v2.Dish","info":{"id":"41497878","name":"Sabji Sev Red","category":"Namkeen","isVeg":1,"price":8500,"variants":{},"variantsV2":{},"itemAttribute":{"vegClassifier":"VEG"},"ribbon":{},"type":"ITEM","itemBadge":{},"badgesV2":{},"ratings":{"aggregatedRating":{"rating":"4.7","ratingCount":"31 ratings","ratingCountV2":"31"}}},"analytics":{},"hideRestaurantDetails":true}},{"card":{"@type":"type.googleapis.com/swiggy.presentation.food.v2.Dish","info":{"id":"41497879","name":"Moong Dal","category":"Namkeen","isVeg":1,"price":8500,"variants":{},"variantsV2":{},"itemAttribute":{"vegClassifier":"VEG"},"ribbon":{},"type":"ITEM","itemBadge":{},"badgesV2":{},"ratings":{"aggregatedRating":{"rating":"4.7","ratingCount":"45 ratings","ratingCountV2":"45"}}},"analytics":{},"hideRestaurantDetails":true}},{"card":{"@type":"type.googleapis.com/swiggy.presentation.food.v2.Dish","info":{"id":"41497880","name":"Chana Dal","category":"Namkeen","isVeg":1,"price":8500,"variants":{},"variantsV2":{},"itemAttribute":{"vegClassifier":"VEG"},"ribbon":{},"type":"ITEM","itemBadge":{},"badgesV2":{},"ratings":{"aggregatedRating":{"rating":"5.0","ratingCount":"12 ratings","ratingCountV2":"12"}}},"analytics":{},"hideRestaurantDetails":true}},{"card":{"@type":"type.googleapis.com/swiggy.presentation.food.v2.Dish","info":{"id":"41497881","name":"Bhakarwadi (200 gm)","category":"Namkeen","imageId":"y3bcskvoel1jcoxnfjdy","isVeg":1,"price":8500,"variants":{},"variantsV2":{},"itemAttribute":{"vegClassifier":"VEG"},"ribbon":{},"type":"ITEM","itemBadge":{},"badgesV2":{},"ratings":{"aggregatedRating":{"rating":"4.3","ratingCount":"122 ratings","ratingCountV2":"122"}}},"analytics":{},"hideRestaurantDetails":true}},{"card":{"@type":"type.googleapis.com/swiggy.presentation.food.v2.Dish","info":{"id":"41497882","name":"Dry Samosa (200 gm)","category":"Namkeen","isVeg":1,"price":8500,"variants":{},"variantsV2":{},"itemAttribute":{"vegClassifier":"VEG"},"ribbon":{},"type":"ITEM","itemBadge":{},"badgesV2":{},"ratings":{"aggregatedRating":{"rating":"4.4","ratingCount":"40 ratings","ratingCountV2":"40"}}},"analytics":{},"hideRestaurantDetails":true}},{"card":{"@type":"type.googleapis.com/swiggy.presentation.food.v2.Dish","info":{"id":"41497883","name":"Dry Kachori (200 gm)","category":"Namkeen","isVeg":1,"price":8500,"variants":{},"variantsV2":{},"itemAttribute":{"vegClassifier":"VEG"},"ribbon":{},"type":"ITEM","itemBadge":{},"badgesV2":{},"ratings":{"aggregatedRating":{"rating":"4.1","ratingCount":"53 ratings","ratingCountV2":"53"}}},"analytics":{},"hideRestaurantDetails":true}},{"card":{"@type":"type.googleapis.com/swiggy.presentation.food.v2.Dish","info":{"id":"41497884","name":"Shankar Pale  (200 Gm)","category":"Namkeen","isVeg":1,"price":8500,"variants":{},"variantsV2":{},"itemAttribute":{"vegClassifier":"VEG"},"ribbon":{},"type":"ITEM","itemBadge":{},"badgesV2":{},"ratings":{"aggregatedRating":{"rating":"3.3","ratingCount":"42 ratings","ratingCountV2":"42"}}},"analytics":{},"hideRestaurantDetails":true}},{"card":{"@type":"type.googleapis.com/swiggy.presentation.food.v2.Dish","info":{"id":"41497812","name":"Punjabi Matti  (200 gm)","category":"Namkeen","isVeg":1,"price":8500,"variants":{},"variantsV2":{},"itemAttribute":{"vegClassifier":"VEG"},"ribbon":{},"type":"ITEM","itemBadge":{},"badgesV2":{},"ratings":{"aggregatedRating":{"rating":"4.4","ratingCount":"34 ratings","ratingCountV2":"34"}}},"analytics":{},"hideRestaurantDetails":true}},{"card":{"@type":"type.googleapis.com/swiggy.presentation.food.v2.Dish","info":{"id":"41497814","name":"Khakhra  (200 gm)","category":"Namkeen","isVeg":1,"price":5500,"variants":{},"variantsV2":{},"itemAttribute":{"vegClassifier":"VEG"},"ribbon":{},"type":"ITEM","itemBadge":{},"badgesV2":{},"ratings":{"aggregatedRating":{"rating":"4.3","ratingCount":"52 ratings","ratingCountV2":"52"}}},"analytics":{},"hideRestaurantDetails":true}},{"card":{"@type":"type.googleapis.com/swiggy.presentation.food.v2.Dish","info":{"id":"41497815","name":"Chatpata Chana Jor","category":"Namkeen","isVeg":1,"price":5500,"variants":{},"variantsV2":{},"itemAttribute":{"vegClassifier":"VEG"},"ribbon":{},"type":"ITEM","itemBadge":{},"badgesV2":{},"ratings":{"aggregatedRating":{"rating":"4.4","ratingCount":"38 ratings","ratingCountV2":"38"}}},"analytics":{},"hideRestaurantDetails":true}},{"card":{"@type":"type.googleapis.com/swiggy.presentation.food.v2.Dish","info":{"id":"41497816","name":"Chakli  (200 gm)","category":"Namkeen","isVeg":1,"price":5500,"variants":{},"variantsV2":{},"itemAttribute":{"vegClassifier":"VEG"},"ribbon":{},"type":"ITEM","itemBadge":{},"badgesV2":{},"ratings":{"aggregatedRating":{"rating":"4.4","ratingCount":"71 ratings","ratingCountV2":"71"}}},"analytics":{},"hideRestaurantDetails":true}},{"card":{"@type":"type.googleapis.com/swiggy.presentation.food.v2.Dish","info":{"id":"41497817","name":"Yellow Banana War","category":"Namkeen","isVeg":1,"price":4500,"variants":{},"variantsV2":{},"itemAttribute":{"vegClassifier":"VEG"},"ribbon":{},"type":"ITEM","itemBadge":{},"badgesV2":{},"ratings":{"aggregatedRating":{"rating":"4.5","ratingCount":"113 ratings","ratingCountV2":"113"}}},"analytics":{},"hideRestaurantDetails":true}},{"card":{"@type":"type.googleapis.com/swiggy.presentation.food.v2.Dish","info":{"id":"41497819","name":"Red Chilli Banana War","category":"Namkeen","isVeg":1,"price":4500,"variants":{},"variantsV2":{},"itemAttribute":{"vegClassifier":"VEG"},"ribbon":{},"type":"ITEM","itemBadge":{},"badgesV2":{},"ratings":{"aggregatedRating":{"rating":"4.5","ratingCount":"55 ratings","ratingCountV2":"55"}}},"analytics":{},"hideRestaurantDetails":true}},{"card":{"@type":"type.googleapis.com/swiggy.presentation.food.v2.Dish","info":{"id":"41497818","name":"Black Pepper Banana","category":"Namkeen","isVeg":1,"price":4500,"variants":{},"variantsV2":{},"itemAttribute":{"vegClassifier":"VEG"},"ribbon":{},"type":"ITEM","itemBadge":{},"badgesV2":{},"ratings":{"aggregatedRating":{"rating":"4.4","ratingCount":"36 ratings","ratingCountV2":"36"}}},"analytics":{},"hideRestaurantDetails":true}}]}}},{"card":{"card":{"@type":"type.googleapis.com/swiggy.presentation.food.v2.ItemCategory","title":"Upvaas Special","itemCards":[{"card":{"@type":"type.googleapis.com/swiggy.presentation.food.v2.Dish","info":{"id":"41497820","name":"Potato Chivda (200 gm)","category":"Upvaas Special","description":"Serves 1","isVeg":1,"price":9500,"variants":{},"variantsV2":{},"itemAttribute":{"vegClassifier":"VEG","portionSize":"Serves 1"},"ribbon":{},"type":"ITEM","itemBadge":{},"badgesV2":{},"ratings":{"aggregatedRating":{"rating":"4.6","ratingCount":"58 ratings","ratingCountV2":"58"}}},"analytics":{},"hideRestaurantDetails":true}},{"card":{"@type":"type.googleapis.com/swiggy.presentation.food.v2.Dish","info":{"id":"41497821","name":"Sabudana Chivda  (200 gm)","category":"Upvaas Special","isVeg":1,"price":9500,"variants":{},"variantsV2":{},"itemAttribute":{"vegClassifier":"VEG"},"ribbon":{},"type":"ITEM","itemBadge":{},"badgesV2":{},"ratings":{"aggregatedRating":{"rating":"4.7","ratingCount":"31 ratings","ratingCountV2":"31"}}},"analytics":{},"hideRestaurantDetails":true}},{"card":{"@type":"type.googleapis.com/swiggy.presentation.food.v2.Dish","info":{"id":"41497822","name":"Potato Masala Salli (200 gm)","category":"Upvaas Special","isVeg":1,"price":9500,"variants":{},"variantsV2":{},"itemAttribute":{"vegClassifier":"VEG"},"ribbon":{},"type":"ITEM","itemBadge":{},"badgesV2":{},"ratings":{"aggregatedRating":{"rating":"5.0","ratingCount":"22 ratings","ratingCountV2":"22"}}},"analytics":{},"hideRestaurantDetails":true}},{"card":{"@type":"type.googleapis.com/swiggy.presentation.food.v2.Dish","info":{"id":"41497824","name":"Potato Plain Salli (200 gm)","category":"Upvaas Special","isVeg":1,"price":9500,"variants":{},"variantsV2":{},"itemAttribute":{"vegClassifier":"VEG"},"ribbon":{},"type":"ITEM","itemBadge":{},"badgesV2":{},"ratings":{"aggregatedRating":{"rating":"4.5","ratingCount":"15 ratings","ratingCountV2":"15"}}},"analytics":{},"hideRestaurantDetails":true}}]}}},{"card":{"card":{"@type":"type.googleapis.com/swiggy.presentation.food.v2.ItemCategory","title":"Namkeen Sticks","itemCards":[{"card":{"@type":"type.googleapis.com/swiggy.presentation.food.v2.Dish","info":{"id":"41497825","name":"Tomato Namkeen Sticks","category":"Namkeen Sticks","description":"Serves 1","isVeg":1,"price":7000,"variants":{},"variantsV2":{},"itemAttribute":{"vegClassifier":"VEG","portionSize":"Serves 1"},"ribbon":{},"type":"ITEM","itemBadge":{},"badgesV2":{},"ratings":{"aggregatedRating":{"rating":"4.3","ratingCount":"30 ratings","ratingCountV2":"30"}}},"analytics":{},"hideRestaurantDetails":true}},{"card":{"@type":"type.googleapis.com/swiggy.presentation.food.v2.Dish","info":{"id":"41497826","name":"Manchurian Namkeen Sticks","category":"Namkeen Sticks","isVeg":1,"price":7000,"variants":{},"variantsV2":{},"itemAttribute":{"vegClassifier":"VEG"},"ribbon":{},"type":"ITEM","itemBadge":{},"badgesV2":{},"ratings":{"aggregatedRating":{"rating":"3.7","ratingCount":"28 ratings","ratingCountV2":"28"}}},"analytics":{},"hideRestaurantDetails":true}},{"card":{"@type":"type.googleapis.com/swiggy.presentation.food.v2.Dish","info":{"id":"41497827","name":"Schezwan Namkeen Sticks","category":"Namkeen Sticks","isVeg":1,"price":7000,"variants":{},"variantsV2":{},"itemAttribute":{"vegClassifier":"VEG"},"ribbon":{},"type":"ITEM","itemBadge":{},"badgesV2":{},"ratings":{"aggregatedRating":{"rating":"3.7","ratingCount":"41 ratings","ratingCountV2":"41"}}},"analytics":{},"hideRestaurantDetails":true}},{"card":{"@type":"type.googleapis.com/swiggy.presentation.food.v2.Dish","info":{"id":"41497828","name":"Soya Namkeen Sticks","category":"Namkeen Sticks","isVeg":1,"price":7000,"variants":{},"variantsV2":{},"itemAttribute":{"vegClassifier":"VEG"},"ribbon":{},"type":"ITEM","itemBadge":{},"badgesV2":{},"ratings":{"aggregatedRating":{"rating":"3.7","ratingCount":"34 ratings","ratingCountV2":"34"}}},"analytics":{},"hideRestaurantDetails":true}},{"card":{"@type":"type.googleapis.com/swiggy.presentation.food.v2.Dish","info":{"id":"41497829","name":"Makki Namkeen Sticks","category":"Namkeen Sticks","isVeg":1,"price":7000,"variants":{},"variantsV2":{},"itemAttribute":{"vegClassifier":"VEG"},"ribbon":{},"type":"ITEM","itemBadge":{},"badgesV2":{},"ratings":{"aggregatedRating":{"rating":"3.2","ratingCount":"12 ratings","ratingCountV2":"12"}}},"analytics":{},"hideRestaurantDetails":true}}]}}},{"card":{"card":{"@type":"type.googleapis.com/swiggy.presentation.food.v2.ItemCategory","title":"Desserts","itemCards":[{"card":{"@type":"type.googleapis.com/swiggy.presentation.food.v2.Dish","info":{"id":"41497813","name":"Malai Dahi","category":"Desserts","description":"Serves 1","isVeg":1,"price":5500,"variants":{"variantGroups":[{"groupId":"4486345","name":"Quantity","variations":[{"name":"250 gms","default":1,"id":"14440875","inStock":1,"isVeg":1,"isEnabled":1},{"name":"500 gms","price":5500,"id":"14440876","inStock":1,"isVeg":1,"isEnabled":1},{"name":"750 gms","price":11000,"id":"14440877","inStock":1,"isVeg":1,"isEnabled":1},{"name":"1000 gms","price":16500,"id":"14440878","inStock":1,"isVeg":1,"isEnabled":1}]}]},"variantsV2":{},"itemAttribute":{"vegClassifier":"VEG","portionSize":"Serves 1"},"ribbon":{"text":"Bestseller","textColor":"#ffffff","topBackgroundColor":"#d53d4c","bottomBackgroundColor":"#b02331"},"type":"ITEM","itemBadge":{},"badgesV2":{},"isBestseller":true,"ratings":{"aggregatedRating":{"rating":"4.6","ratingCount":"493 ratings","ratingCountV2":"493"}}},"analytics":{},"hideRestaurantDetails":true}},{"card":{"@type":"type.googleapis.com/swiggy.presentation.food.v2.Dish","info":{"id":"41497823","name":"Malai Paneer","category":"Desserts","description":"Fresh creamy soft & fluffy cottage cheese that is cut into a firm block, unsalted.","imageId":"xlcd7flo9qpprnef9vjn","isVeg":1,"price":18000,"variants":{"variantGroups":[{"groupId":"4486346","name":"Quantity","variations":[{"name":"250 gms","default":1,"id":"14440879","inStock":1,"isVeg":1,"isEnabled":1},{"name":"500 gms","price":18000,"id":"14440880","inStock":1,"isVeg":1,"isEnabled":1},{"name":"750 gms","price":36000,"id":"14440881","inStock":1,"isVeg":1,"isEnabled":1},{"name":"1000 gms","price":54000,"id":"14440882","inStock":1,"isVeg":1,"isEnabled":1}]}]},"variantsV2":{},"itemAttribute":{"vegClassifier":"VEG"},"ribbon":{},"type":"ITEM","itemBadge":{},"badgesV2":{},"ratings":{"aggregatedRating":{"rating":"4.7","ratingCount":"262 ratings","ratingCountV2":"262"}}},"analytics":{},"hideRestaurantDetails":true}}]}}},{"card":{"card":{"@type":"type.googleapis.com/swiggy.presentation.food.v2.ItemCategory","title":"Lassi","itemCards":[{"card":{"@type":"type.googleapis.com/swiggy.presentation.food.v2.Dish","info":{"id":"41497835","name":"Plain Lassi","category":"Lassi","description":"Serves 1 | Serve 1 glass of lassi","imageId":"jnat7bmkjwi6yzq0sur9","isVeg":1,"price":8000,"variants":{},"variantsV2":{},"itemAttribute":{"vegClassifier":"VEG","portionSize":"Serves 1"},"ribbon":{"text":"Bestseller","textColor":"#ffffff","topBackgroundColor":"#d53d4c","bottomBackgroundColor":"#b02331"},"type":"ITEM","itemBadge":{},"badgesV2":{},"isBestseller":true,"ratings":{"aggregatedRating":{"rating":"4.5","ratingCount":"462 ratings","ratingCountV2":"462"}}},"analytics":{},"hideRestaurantDetails":true}},{"card":{"@type":"type.googleapis.com/swiggy.presentation.food.v2.Dish","info":{"id":"41497836","name":"Mango Lassi","category":"Lassi","description":"Serve 1 glass of mango flavored lassi","imageId":"exgpprruynw1hnrac7uy","isVeg":1,"price":8000,"variants":{},"variantsV2":{},"itemAttribute":{"vegClassifier":"VEG"},"ribbon":{"text":"Bestseller","textColor":"#ffffff","topBackgroundColor":"#d53d4c","bottomBackgroundColor":"#b02331"},"type":"ITEM","itemBadge":{},"badgesV2":{},"isBestseller":true,"ratings":{"aggregatedRating":{"rating":"4.6","ratingCount":"413 ratings","ratingCountV2":"413"}}},"analytics":{},"hideRestaurantDetails":true}}]}}},{"card":{"card":{"@type":"type.googleapis.com/swiggy.presentation.food.v2.RestaurantLicenseInfo","type":"FSSAI","imageId":"fssai_final_edss9i","text":["License No. 11523027000015"]}}},{"card":{"card":{"@type":"type.googleapis.com/swiggy.presentation.food.v2.RestaurantAddress","name":"Bagga Sweets","area":"Singada Talao","completeAddress":"Bagga Sweets, Shingada Talav, Renuka Nagar, Nashik, Maharashtra, India"}}}]}}}}],"firstOffsetRequest":true,"isQCLink":false},"tid":"5962befe-3342-4387-b0e6-e1871f42cb59","sid":"8yl99cec-3c62-4543-a68b-5a863ec58ce7","deviceId":"66f1d22a-02c3-5f6f-e8e5-7dd060f63ee1","csrfToken":"2uqhxfeK4Oek-0t7vSogDE-vEobyEKWSsaKIIazo"}