{"statusCode":0,"data":{"statusMessage":"done successfully","cards":[{"card":{"card":{"@type":"type.googleapis.com/swiggy.presentation.food.v2.Restaurant","info":{"id":"249711","name":"Vijus Dabeli","city":"Nashik","slugs":{"restaurant":"vijus-dabeli-(-collage-road-)-college-road-college-road","city":"nashik"},"uniqueId":"1e9d81d6-c931-4e6f-973e-b5d2a2e86935","cloudinaryImageId":"q8v652ig71jslbmfs90c","locality":"Thatte Wadi Road","areaName":"College Road","costForTwo":"20000","costForTwoMessage":"₹200 for two","cuisines":["Chinese","Fast Food"],"avgRating":3.8,"veg":true,"feeDetails":{"restaurantId":"249711","fees":[{"name":"distance","fee":2100},{"name":"time"},{"name":"special"}],"totalFee":2100,"title":"Delivery Charge","amount":"2100"},"parentId":"223371","avgRatingString":"3.8","totalRatingsString":"5K+ ratings","sla":{"restaurantId":"249711","deliveryTime":18,"minDeliveryTime":18,"maxDeliveryTime":18,"lastMileTravel":3.6,"serviceability":"SERVICEABLE","stressFactor":0.6571936,"rainMode":"RAIN_MODE_NONE","longDistance":"LONG_DISTANCE_NOT_LONG_DISTANCE","zoneId":550,"slaString":"18 MINS","lastMileTravelString":"3.5 km","iconType":"ICON_TYPE_EMPTY"},"availability":{"nextCloseTime":"2023-08-25 23:00:00","visibility":true,"opened":true,"restaurantClosedMeta":{}},"aggregatedDiscountInfo":{"header":"Flat ₹125 off","shortDescriptionList":[{"meta":"Flat ₹125 off on orders above ₹249","discountType":"Flat","operationType":"RESTAURANT"},{"meta":"60% off | Use TRYNEW","discountType":"Percentage","operationType":"RESTAURANT"}],"descriptionList":[{"meta":"Flat ₹125 off on orders above ₹249 | Use code SWIGGYWEEKENDS","discountType":"Flat","operationType":"RESTAURANT"},{"meta":"60% off up to ₹120 | Use code TRYNEW","discountType":"Percentage","operationType":"RESTAURANT"}],"visible":true},"badges":{},"slugString":"vijus-dabeli-(-collage-road-)-college-road-college-road","isOpen":true,"labels":[{"title":"Timings","message":"null"},{"title":"Address","message":"SHop No 5,6,7 Kanchwala Aveneu Collage road nashik"},{"title":"Cuisines","message":"Chinese,Fast Food"}],"totalRatings":5000,"aggregatedDiscountInfoV2":{"header":"Flat ₹125 off","shortDescriptionList":[{"meta":"Flat ₹125 off on orders above ₹249","discountType":"Flat","operationType":"RESTAURANT"},{"meta":"60% off | Use TRYNEW","discountType":"Percentage","operationType":"RESTAURANT"}],"descriptionList":[{"meta":"Flat ₹125 off on orders above ₹249 | Use code SWIGGYWEEKENDS","discountType":"Flat","operationType":"RESTAURANT"},{"meta":"60% off up to ₹120 | Use code TRYNEW","discountType":"Percentage","operationType":"RESTAURANT"}],"couponDetailsCta":"View coupon details"},"type":"F","nudgeBanners":[{"minValue":174,"maxValue":249,"priority":1,"couponCode":"SWIGGYWEEKENDS","discountInfo":{"discountType":"Flat","value":125},"lockedMessage":"Add items worth ₹<amount> to save ₹125 | Code SWIGGYWEEKENDS","unlockedMessage":"SWIGGYWEEKENDS Coupon Unlocked! Use it to save ₹125","logoCtx":{}},{"minValue":279,"maxValue":399,"priority":3,"couponCode":"MEGASAVER","discountInfo":{"discountType":"Flat","value":175},"lockedMessage":"Add items worth ₹<amount> to save ₹175 | Code MEGASAVER","unlockedMessage":"MEGASAVER Coupon Unlocked! Use it to save ₹175","logoCtx":{}}],"headerBanner":{"url":"swiggy://webview?is_external=false&webview_url=https://www.swiggy.com/restaurant-info/249711"},"expectationNotifiers":[{"icon":{},"popup":{"cta":{}},"type":"DISTANCE_FEE_NON_FOOD_LM","halfCardPopup":{"halfCardPopupHeader":{}}}],"ratingSlab":"RATING_SLAB_4","orderabilityCommunication":{"title":{},"subTitle":{},"message":{},"customIcon":{}},"hasBestsellerItems":true,"cartOrderabilityNudgeBanner":{"parameters":{},"presentation":{}},"latLong":"20.006553,73.76361"},"analytics":{}},"relevance":{"type":"RELEVANCE_TYPE_CHECK_ORDERABILITY_ON_ITEM_ADD","sectionId":"POP_UP_CROUTON_MENU"}}},{"card":{"card":{"@type":"type.googleapis.com/swiggy.gandalf.widgets.v2.GridWidget","layout":{"rows":1,"columns":5,"horizontalScrollEnabled":true,"itemSpacing":12,"lineSpacing":10,"widgetPadding":{},"containerStyle":{"containerPadding":{"left":10,"right":10,"bottom":16}},"scrollBar":{}},"id":"offerCollectionWidget_UX4","gridElements":{"infoWithStyle":{"@type":"type.googleapis.com/swiggy.presentation.food.v2.OfferInfoWithStyle","offers":[{"info":{"header":"FLAT ₹125 OFF","offerTag":"FLAT DEAL","offerTagColor":"#E46D47","offerIds":["401cfddb-a63b-4c4f-a894-7789dd71595a"],"expiryTime":"1970-01-01T00:00:00Z","couponCode":"USE SWIGGYWEEKENDS","description":"ABOVE ₹249","offerType":"offers","restId":"249711","offerLogo":"offers/generic","descriptionTextColor":"#7302060C"},"cta":{"type":"OFFER_HALF_CARD"}},{"info":{"header":"60% OFF UPTO ₹120","offerTagColor":"#E46D47","offerIds":["009410e3-1ad8-4abf-acac-3182b937a56a"],"expiryTime":"1970-01-01T00:00:00Z","couponCode":"USE TRYNEW","description":"ABOVE ₹149","offerType":"offers","restId":"249711","offerLogo":"offers/generic","descriptionTextColor":"#7302060C"},"cta":{"type":"OFFER_HALF_CARD"}},{"info":{"header":"FLAT ₹175 OFF","offerTag":"DEFAULT","offerTagColor":"#E46D47","offerIds":["494428e1-59ac-45f7-aa1b-62dc6f3d40d9"],"expiryTime":"1970-01-01T00:00:00Z","couponCode":"USE MEGASAVER","description":"ABOVE ₹399","offerType":"offers","restId":"249711","offerLogo":"offers/generic","descriptionTextColor":"#7302060C"},"cta":{"type":"OFFER_HALF_CARD"}},{"info":{"header":"20% OFF UPTO ₹100","offerTagColor":"#E46D47","logoBottom":"rng/md/ads/production/be912a4c543f00172d9f82c033ee7239","offerIds":["70a98e19-77b5-43d4-b6ec-3c32929ae868"],"expiryTime":"1970-01-01T00:00:00Z","couponCode":"USE RUPAY100","description":"ABOVE ₹129","offerType":"offers","restId":"249711","offerLogo":"rng/md/ads/production/be912a4c543f00172d9f82c033ee7239","descriptionTextColor":"#7302060C"},"cta":{"type":"OFFER_HALF_CARD"}},{"info":{"header":"15% OFF UPTO ₹300","offerTagColor":"#E46D47","logoBottom":"rng/md/ads/production/15fb1cfe885005447dc8375e7970600f","offerIds":["dc23cf1d-dce3-4ad1-8506-ff010e482b6e"],"expiryTime":"1970-01-01T00:00:00Z","couponCode":"USE CITIFOODIE","description":"ABOVE ₹1200","offerType":"offers","restId":"249711","offerLogo":"rng/md/ads/production/15fb1cfe885005447dc8375e7970600f","descriptionTextColor":"#7302060C"},"cta":{"type":"OFFER_HALF_CARD"}}]}}}}},{"groupedCard":{"cardGroupMap":{"REGULAR":{"cards":[{"card":{"card":{"@type":"type.googleapis.com/swiggy.presentation.food.v2.MenuVegFilterAndBadge","isPureVeg":true,"badges":{},"vegOnlyDetails":{"imageId":"AutoVegOnly_qkjowj","title":"Showing only vegetarian options.","description":"Tap on the VEG ONLY button to turn off the setting"},"topRatedFilter":{}}}},{"card":{"card":{"@type":"type.googleapis.com/swiggy.presentation.food.v2.ItemCategory","title":"Recommended","itemCards":[{"card":{"@type":"type.googleapis.com/swiggy.presentation.food.v2.Dish","info":{"id":"49654394","name":"Bhel Puri","category":"Chaat","description":"Serves 1 | A delightful chaat that indulges in an explosion of sweet, tangy, and crunchy flavors.","imageId":"m1lpk6u8np2l7xmf5xzg","inStock":1,"isVeg":1,"price":7000,"variants":{},"variantsV2":{},"addons":[{"groupId":"80742057","groupName":"Snacks","choices":[{"id":"65312416","name":"Vijus Special Sandwich","price":12000,"inStock":1,"isVeg":1,"isEnabled":1}],"maxAddons":-1,"maxFreeAddons":-1},{"groupId":"80742056","groupName":"Beverages","choices":[{"id":"65312413","name":"Cold Coffee Milkshake","price":7000,"inStock":1,"isVeg":1,"isEnabled":1}],"maxAddons":-1,"maxFreeAddons":-1}],"itemAttribute":{"vegClassifier":"VEG","portionSize":"Serves 1"},"ribbon":{"text":"Bestseller","textColor":"#ffffff","topBackgroundColor":"#d53d4c","bottomBackgroundColor":"#b02331"},"showImage":true,"itemBadge":{},"badgesV2":{},"isBestseller":true,"ratings":{"aggregatedRating":{"rating":"3.9","ratingCount":"590 ratings","ratingCountV2":"590"}}},"analytics":{},"hideRestaurantDetails":true}},{"card":{"@type":"type.googleapis.com/swiggy.presentation.food.v2.Dish","info":{"id":"49654398","name":"Sev Puri (7 pcs)","category":"Chaat","description":"Serves 1 | Exquisite blend of flavors, burst of texture, and freshness captured in a single mouth-watering bite.","imageId":"mcxqeupsdggqxhyalvvd","inStock":1,"isVeg":1,"price":8000,"variants":{},"variantsV2":{},"addons":[{"groupId":"80741532","groupName":"Beverages","choices":[{"id":"65312413","name":"Cold Coffee Milkshake","price":7000,"inStock":1,"isVeg":1,"isEnabled":1}],"maxAddons":-1,"maxFreeAddons":-1},{"groupId":"80741536","groupName":"Snacks","choices":[{"id":"65312416","name":"Vijus Special Sandwich","price":12000,"inStock":1,"isVeg":1,"isEnabled":1}],"maxAddons":-1,"maxFreeAddons":-1}],"itemAttribute":{"vegClassifier":"VEG","portionSize":"Serves 1"},"ribbon":{"text":"Bestseller","textColor":"#ffffff","topBackgroundColor":"#d53d4c","bottomBackgroundColor":"#b02331"},"showImage":true,"itemBadge":{},"badgesV2":{},"isBestseller":true,"ratings":{"aggregatedRating":{"rating":"4.1","ratingCount":"551 ratings","ratingCountV2":"551"}}},"analytics":{},"hideRestaurantDetails":true}},{"card":{"@type":"type.googleapis.com/swiggy.presentation.food.v2.Dish","info":{"id":"49655619","name":"Vijus Surprise Sandwich","category":"Special Sandwiches","description":"Serves 1","imageId":"twem9ljwpscbu1lb4pew","inStock":1,"isVeg":1,"price":18000,"variants":{},"variantsV2":{},"itemAttribute":{"vegClassifier":"VEG","portionSize":"Serves 1"},"ribbon":{},"showImage":true,"itemBadge":{},"badgesV2":{},"ratings":{"aggregatedRating":{"rating":"3.2","ratingCount":"193 ratings","ratingCountV2":"193"}}},"analytics":{},"hideRestaurantDetails":true}},{"card":{"@type":"type.googleapis.com/swiggy.presentation.food.v2.Dish","info":{"id":"49654317","name":"Garlic Chilli Club Sandwich","category":"Special Sandwiches","description":"Serves 1","imageId":"gkprxdh7pk43ak61d9kw","inStock":1,"isVeg":1,"price":15000,"variants":{},"variantsV2":{},"itemAttribute":{"vegClassifier":"VEG","portionSize":"Serves 1"},"ribbon":{},"showImage":true,"itemBadge":{},"badgesV2":{},"ratings":{"aggregatedRating":{"rating":"4.1","ratingCount":"205 ratings","ratingCountV2":"205"}}},"analytics":{},"hideRestaurantDetails":true}},{"card":{"@type":"type.googleapis.com/swiggy.presentation.food.v2.Dish","info":{"id":"49654295","name":"Chocolate Cheese Sandwich ","category":"Signature Sandwiches","description":"Serves 1 | Only brown bread.","imageId":"jfvzgqvcpuefqgevm94e","inStock":1,"isVeg":1,"price":20000,"variants":{},"variantsV2":{},"itemAttribute":{"vegClassifier":"VEG","portionSize":"Serves 1"},"ribbon":{},"showImage":true,"itemBadge":{},"badgesV2":{},"ratings":{"aggregatedRating":{"rating":"3.3","ratingCount":"51 ratings","ratingCountV2":"51"}}},"analytics":{},"hideRestaurantDetails":true}},{"card":{"@type":"type.googleapis.com/swiggy.presentation.food.v2.Dish","info":{"id":"49654332","name":"Grilled Cheese Sandwich (3 Slices)","category":"Grilled Sandwiches","description":"Serves 1 | Golden, crispy grilled sandwiches with melted cheese in every bite.","imageId":"l0s6xivzbubn5wxo8fit","inStock":1,"isVeg":1,"price":15000,"variants":{},"variantsV2":{},"itemAttribute":{"vegClassifier":"VEG","portionSize":"Serves 1"},"ribbon":{"text":"Bestseller","textColor":"#ffffff","topBackgroundColor":"#d53d4c","bottomBackgroundColor":"#b02331"},"showImage":true,"itemBadge":{},"badgesV2":{},"isBestseller":true,"ratings":{"aggregatedRating":{"rating":"3.5","ratingCount":"231 ratings","ratingCountV2":"231"}}},"analytics":{},"hideRestaurantDetails":true}},{"card":{"@type":"type.googleapis.com/swiggy.presentation.food.v2.Dish","info":{"id":"49654372","name":"Vijus Special Dabeli","category":"Dabeli","description":"Serves 1 | | Chef's Special |","imageId":"dohlms9eu0j86i7awfwa","inStock":1,"isVeg":1,"price":9000,"variants":{},"variantsV2":{},"itemAttribute":{"vegClassifier":"VEG","portionSize":"Serves 1"},"ribbon":{"text":"Bestseller","textColor":"#ffffff","topBackgroundColor":"#d53d4c","bottomBackgroundColor":"#b02331"},"showImage":true,"itemBadge":{},"badgesV2":{},"isBestseller":true,"ratings":{"aggregatedRating":{"rating":"4.0","ratingCount":"566 ratings","ratingCountV2":"566"}}},"analytics":{},"hideRestaurantDetails":true}},{"card":{"@type":"type.googleapis.com/swiggy.presentation.food.v2.Dish","info":{"id":"49654310","name":"Cheese Pav Bhaji (2 Pcs)","category":"Pav Bhaji","description":"Serves 1 | Butter-laden pavs accompanied by a delicious and healthy gravy of mashed vegetables and topped with dollops of butter.","imageId":"tdluad9wfj6moeak6mzq","inStock":1,"isVeg":1,"price":16000,"variants":{},"variantsV2":{},"addons":[{"groupId":"80741492","groupName":"Rice","choices":[{"id":"65312414","name":"Veg Tawa Pulao","price":20000,"inStock":1,"isVeg":1,"isEnabled":1}],"maxAddons":-1,"maxFreeAddons":-1}],"itemAttribute":{"vegClassifier":"VEG","portionSize":"Serves 1"},"ribbon":{},"showImage":true,"itemBadge":{},"badgesV2":{},"ratings":{"aggregatedRating":{"rating":"2.8","ratingCount":"70 ratings","ratingCountV2":"70"}}},"analytics":{},"hideRestaurantDetails":true}},{"card":{"@type":"type.googleapis.com/swiggy.presentation.food.v2.Dish","info":{"id":"49654312","name":"Khada Pav Bhaji (2 Pcs)","category":"Pav Bhaji","description":"Serves 1 | Butter laden pavs accompanied by a delicious and healthy gravy of mashed vegetables and topped with dollops of butter","imageId":"gletnkwrkbuo09dzjps9","inStock":1,"isVeg":1,"price":14000,"variants":{},"variantsV2":{},"addons":[{"groupId":"80741498","groupName":"Rice","choices":[{"id":"65312414","name":"Veg Tawa Pulao","price":20000,"inStock":1,"isVeg":1,"isEnabled":1}],"maxAddons":-1,"maxFreeAddons":-1},{"groupId":"80741504","groupName":"Extra Pav","choices":[{"id":"65312415","name":"Butter Pav (1pc)","price":2500,"inStock":1,"isVeg":1,"isEnabled":1}],"maxAddons":-1,"maxFreeAddons":-1}],"itemAttribute":{"vegClassifier":"VEG","portionSize":"Serves 1"},"ribbon":{},"showImage":true,"itemBadge":{},"badgesV2":{},"ratings":{"aggregatedRating":{"rating":"2.7","ratingCount":"50 ratings","ratingCountV2":"50"}}},"analytics":{},"hideRestaurantDetails":true}},{"card":{"@type":"type.googleapis.com/swiggy.presentation.food.v2.Dish","info":{"id":"49654357","name":"Butter Pav (1pc)","category":"Pav","description":"Serves 1","imageId":"z9yfx37g6s20335ji2d1","inStock":1,"isVeg":1,"price":1500,"variants":{},"variantsV2":{},"itemAttribute":{"vegClassifier":"VEG","portionSize":"Serves 1"},"ribbon":{},"showImage":true,"itemBadge":{},"badgesV2":{},"ratings":{"aggregatedRating":{"rating":"3.8","ratingCount":"131 ratings","ratingCountV2":"131"}}},"analytics":{},"hideRestaurantDetails":true}},{"card":{"@type":"type.googleapis.com/swiggy.presentation.food.v2.Dish","info":{"id":"49655622","name":"Veg Tawa Pulao","category":"Pulao","description":"Serves 1 | A wholesome dish prepared by cooking chopped vegetables and rice in a flavorful Indian masala tossed in a tawa.","imageId":"ejapisucsmw0boh7iojd","inStock":1,"isVeg":1,"price":20000,"variants":{},"variantsV2":{},"itemAttribute":{"vegClassifier":"VEG","portionSize":"Serves 1"},"ribbon":{},"showImage":true,"itemBadge":{},"badgesV2":{},"ratings":{"aggregatedRating":{"rating":"3.5","ratingCount":"245 ratings","ratingCountV2":"245"}}},"analytics":{},"hideRestaurantDetails":true}},{"card":{"@type":"type.googleapis.com/swiggy.presentation.food.v2.Dish","info":{"id":"49655623","name":"Cheese Tawa Pulao (1 plate)","category":"Pulao","description":"Serves 1 | Cheese tawa pulao is a popular mumbai street food of rice and vegetables sauteed together.","imageId":"epxdrckdsgzynwlr3z68","inStock":1,"isVeg":1,"price":26000,"variants":{},"variantsV2":{},"itemAttribute":{"vegClassifier":"VEG","portionSize":"Serves 1"},"ribbon":{},"showImage":true,"itemBadge":{},"badgesV2":{},"ratings":{"aggregatedRating":{"rating":"3.5","ratingCount":"86 ratings","ratingCountV2":"86"}}},"analytics":{},"hideRestaurantDetails":true}},{"card":{"@type":"type.googleapis.com/swiggy.presentation.food.v2.Dish","info":{"id":"49655627","name":"Special Veg Pulao (1 plate)","category":"Pulao","description":"Serves 1 | A flavorful, aromatic vegetarian rice dish.","imageId":"jwapqfdrt4emonswjitk","inStock":1,"isVeg":1,"price":25000,"variants":{},"variantsV2":{},"itemAttribute":{"vegClassifier":"VEG","portionSize":"Serves 1"},"ribbon":{},"showImage":true,"itemBadge":{},"badgesV2":{},"ratings":{"aggregatedRating":{"rating":"1.5","ratingCount":"16 ratings","ratingCountV2":"16"}}},"analytics":{},"hideRestaurantDetails":true}},{"card":{"@type":"type.googleapis.com/swiggy.presentation.food.v2.Dish","info":{"id":"49654382","name":"Cold Coffee Milkshake","category":"Beverages","description":"Serves 1","imageId":"n1guh3dh3hjnzdcwyysv","inStock":1,"isVeg":1,"price":7000,"variants":{},"variantsV2":{},"itemAttribute":{"vegClassifier":"VEG","portionSize":"Serves 1"},"ribbon":{},"showImage":true,"itemBadge":{},"badgesV2":{},"ratings":{"aggregatedRating":{"rating":"3.3","ratingCount":"86 ratings","ratingCountV2":"86"}}},"analytics":{},"hideRestaurantDetails":true}},{"card":{"@type":"type.googleapis.com/swiggy.presentation.food.v2.Dish","info":{"id":"49654385","name":"Lassi (200 ml)","category":"Beverages","description":"Serves 1 | Sweet lassi is a blend of yogurt, water and sugar.","imageId":"stqaul2mrgelmprqtgoj","inStock":1,"isVeg":1,"price":7000,"variants":{},"variantsV2":{},"itemAttribute":{"vegClassifier":"VEG","portionSize":"Serves 1"},"ribbon":{},"showImage":true,"itemBadge":{},"badgesV2":{},"ratings":{"aggregatedRating":{"rating":"2.5","ratingCount":"144 ratings","ratingCountV2":"144"}}},"analytics":{},"hideRestaurantDetails":true}}],"type":"CATEGORY_TYPE_RECOMMENDED","showOutsidePanel":true}}},{"card":{"card":{"@type":"type.googleapis.com/swiggy.presentation.food.v2.ItemCategory","title":"Toast Sandwiches","itemCards":[{"card":{"@type":"type.googleapis.com/swiggy.presentation.food.v2.Dish","info":{"id":"49654341","name":"Chutney Sandwich","category":"Toast Sandwiches","description":"Serves 1","inStock":1,"isVeg":1,"price":6300,"variants":{},"variantsV2":{},"itemAttribute":{"vegClassifier":"VEG","portionSize":"Serves 1"},"ribbon":{},"type":"ITEM","itemBadge":{},"badgesV2":{},"ratings":{"aggregatedRating":{"rating":"4.8","ratingCount":"15 ratings","ratingCountV2":"15"}}},"analytics":{},"hideRestaurantDetails":true}},{"card":{"@type":"type.googleapis.com/swiggy.presentation.food.v2.Dish","info":{"id":"49654343","name":"Vegetable Plain Sandwich","category":"Toast Sandwiches","description":"Serves 1 | A simple yet satisfying toast sandwich filled with an assortment of fresh, crunchy vegetables.","imageId":"tfeqbtlboajgli1bmkut","inStock":1,"isVeg":1,"price":8000,"variants":{},"variantsV2":{},"itemAttribute":{"vegClassifier":"VEG","portionSize":"Serves 1"},"ribbon":{},"type":"ITEM","itemBadge":{},"badgesV2":{},"ratings":{"aggregatedRating":{"rating":"4.0","ratingCount":"252 ratings","ratingCountV2":"252"}}},"analytics":{},"hideRestaurantDetails":true}},{"card":{"@type":"type.googleapis.com/swiggy.presentation.food.v2.Dish","info":{"id":"49654349","name":"Toast Diet Sandwich","category":"Toast Sandwiches","description":"Serves 1","inStock":1,"isVeg":1,"price":8000,"variants":{},"variantsV2":{},"itemAttribute":{"vegClassifier":"VEG","portionSize":"Serves 1"},"ribbon":{},"type":"ITEM","itemBadge":{},"badgesV2":{},"ratings":{"aggregatedRating":{"rating":"3.4","ratingCount":"41 ratings","ratingCountV2":"41"}}},"analytics":{},"hideRestaurantDetails":true}},{"card":{"@type":"type.googleapis.com/swiggy.presentation.food.v2.Dish","info":{"id":"49654342","name":"Chutney Cheese Sandwich","category":"Toast Sandwiches","description":"Serves 1","inStock":1,"isVeg":1,"price":11000,"variants":{},"variantsV2":{},"itemAttribute":{"vegClassifier":"VEG","portionSize":"Serves 1"},"ribbon":{},"type":"ITEM","itemBadge":{},"badgesV2":{},"ratings":{"aggregatedRating":{"rating":"4.7","ratingCount":"13 ratings","ratingCountV2":"13"}}},"analytics":{},"hideRestaurantDetails":true}},{"card":{"@type":"type.googleapis.com/swiggy.presentation.food.v2.Dish","info":{"id":"49654344","name":"Vegetable Plain Cheese Sandwich","category":"Toast Sandwiches","description":"Serves 1","inStock":1,"isVeg":1,"price":12000,"variants":{},"variantsV2":{},"itemAttribute":{"vegClassifier":"VEG","portionSize":"Serves 1"},"ribbon":{},"type":"ITEM","itemBadge":{},"badgesV2":{},"ratings":{"aggregatedRating":{"rating":"3.5","ratingCount":"23 ratings","ratingCountV2":"23"}}},"analytics":{},"hideRestaurantDetails":true}},{"card":{"@type":"type.googleapis.com/swiggy.presentation.food.v2.Dish","info":{"id":"49654345","name":"Vegetable Plain Brown Bread Sandwich","category":"Toast Sandwiches","description":"Serves 1","inStock":1,"isVeg":1,"price":9000,"variants":{},"variantsV2":{},"itemAttribute":{"vegClassifier":"VEG","portionSize":"Serves 1"},"ribbon":{},"type":"ITEM","itemBadge":{},"badgesV2":{},"ratings":{"aggregatedRating":{"rating":"3.9","ratingCount":"7 ratings","ratingCountV2":"7"}}},"analytics":{},"hideRestaurantDetails":true}},{"card":{"@type":"type.googleapis.com/swiggy.presentation.food.v2.Dish","info":{"id":"49654346","name":"Vegetable Plain Brown Bread Cheese Sandwich","category":"Toast Sandwiches","description":"Serves 1","inStock":1,"isVeg":1,"price":13000,"variants":{},"variantsV2":{},"itemAttribute":{"vegClassifier":"VEG","portionSize":"Serves 1"},"ribbon":{},"type":"ITEM","itemBadge":{},"badgesV2":{},"ratings":{"aggregatedRating":{"rating":"3.4","ratingCount":"6 ratings","ratingCountV2":"6"}}},"analytics":{},"hideRestaurantDetails":true}},{"card":{"@type":"type.googleapis.com/swiggy.presentation.food.v2.Dish","info":{"id":"49654347","name":"Diet Brown Sandwich","category":"Toast Sandwiches","description":"Serves 1","inStock":1,"isVeg":1,"price":10000,"variants":{},"variantsV2":{},"itemAttribute":{"vegClassifier":"VEG","portionSize":"Serves 1"},"ribbon":{},"type":"ITEM","itemBadge":{},"badgesV2":{},"ratings":{"aggregatedRating":{"rating":"4.0","ratingCount":"9 ratings","ratingCountV2":"9"}}},"analytics":{},"hideRestaurantDetails":true}},{"card":{"@type":"type.googleapis.com/swiggy.presentation.food.v2.Dish","info":{"id":"49654350","name":"Sandwich Cheese Toast","category":"Toast Sandwiches","description":"Serves 1","inStock":1,"isVeg":1,"price":12000,"variants":{},"variantsV2":{},"itemAttribute":{"vegClassifier":"VEG","portionSize":"Serves 1"},"ribbon":{},"type":"ITEM","itemBadge":{},"badgesV2":{},"ratings":{"aggregatedRating":{"rating":"4.3","ratingCount":"25 ratings","ratingCountV2":"25"}}},"analytics":{},"hideRestaurantDetails":true}},{"card":{"@type":"type.googleapis.com/swiggy.presentation.food.v2.Dish","info":{"id":"49654351","name":"Brown Toast","category":"Toast Sandwiches","description":"Serves 1","inStock":1,"isVeg":1,"price":9000,"variants":{},"variantsV2":{},"itemAttribute":{"vegClassifier":"VEG","portionSize":"Serves 1"},"ribbon":{},"type":"ITEM","itemBadge":{},"badgesV2":{},"ratings":{"aggregatedRating":{}}},"analytics":{},"hideRestaurantDetails":true}},{"card":{"@type":"type.googleapis.com/swiggy.presentation.food.v2.Dish","info":{"id":"49654352","name":"Cheese Brown Toast","category":"Toast Sandwiches","description":"Serves 1","inStock":1,"isVeg":1,"price":13000,"variants":{},"variantsV2":{},"itemAttribute":{"vegClassifier":"VEG","portionSize":"Serves 1"},"ribbon":{},"type":"ITEM","itemBadge":{},"badgesV2":{},"ratings":{"aggregatedRating":{"rating":"1.7","ratingCount":"3 ratings","ratingCountV2":"3"}}},"analytics":{},"hideRestaurantDetails":true}},{"card":{"@type":"type.googleapis.com/swiggy.presentation.food.v2.Dish","info":{"id":"49654353","name":"Club Toast","category":"Toast Sandwiches","description":"Serves 1","inStock":1,"isVeg":1,"price":10000,"variants":{},"variantsV2":{},"itemAttribute":{"vegClassifier":"VEG","portionSize":"Serves 1"},"ribbon":{},"type":"ITEM","itemBadge":{},"badgesV2":{},"ratings":{"aggregatedRating":{"rating":"4.3","ratingCount":"13 ratings","ratingCountV2":"13"}}},"analytics":{},"hideRestaurantDetails":true}},{"card":{"@type":"type.googleapis.com/swiggy.presentation.food.v2.Dish","info":{"id":"49654354","name":"Club Cheese Toast","category":"Toast Sandwiches","description":"Serves 1","inStock":1,"isVeg":1,"price":14000,"variants":{},"variantsV2":{},"itemAttribute":{"vegClassifier":"VEG","portionSize":"Serves 1"},"ribbon":{},"type":"ITEM","itemBadge":{},"badgesV2":{},"ratings":{"aggregatedRating":{"rating":"3.5","ratingCount":"13 ratings","ratingCountV2":"13"}}},"analytics":{},"hideRestaurantDetails":true}},{"card":{"@type":"type.googleapis.com/swiggy.presentation.food.v2.Dish","info":{"id":"49654355","name":"Club Toast Brown","category":"Toast Sandwiches","description":"Serves 1","inStock":1,"isVeg":1,"price":11000,"variants":{},"variantsV2":{},"itemAttribute":{"vegClassifier":"VEG","portionSize":"Serves 1"},"ribbon":{},"type":"ITEM","itemBadge":{},"badgesV2":{},"ratings":{"aggregatedRating":{"rating":"2.2","ratingCount":"3 ratings","ratingCountV2":"3"}}},"analytics":{},"hideRestaurantDetails":true}},{"card":{"@type":"type.googleapis.com/swiggy.presentation.food.v2.Dish","info":{"id":"49654356","name":"Club Toast Brown Cheese","category":"Toast Sandwiches","description":"Serves 1","inStock":1,"isVeg":1,"price":15000,"variants":{},"variantsV2":{},"itemAttribute":{"vegClassifier":"VEG","portionSize":"Serves 1"},"ribbon":{},"type":"ITEM","itemBadge":{},"badgesV2":{},"ratings":{"aggregatedRating":{"rating":"5.0","ratingCount":"4 ratings","ratingCountV2":"4"}}},"analytics":{},"hideRestaurantDetails":true}}]}}},{"card":{"card":{"@type":"type.googleapis.com/swiggy.presentation.food.v2.ItemCategory","title":"Chaat","itemCards":[{"card":{"@type":"type.googleapis.com/swiggy.presentation.food.v2.Dish","info":{"id":"49654300","name":"Dahi Bhel Puri","category":"Chaat","description":"Serves 1","inStock":1,"isVeg":1,"price":10000,"variants":{},"variantsV2":{},"addons":[{"groupId":"80742049","groupName":"Beverages","choices":[{"id":"65312413","name":"Cold Coffee Milkshake","price":7000,"inStock":1,"isVeg":1,"isEnabled":1}],"maxAddons":-1,"maxFreeAddons":-1},{"groupId":"80742050","groupName":"Snacks","choices":[{"id":"65312416","name":"Vijus Special Sandwich","price":12000,"inStock":1,"isVeg":1,"isEnabled":1}],"maxAddons":-1,"maxFreeAddons":-1}],"itemAttribute":{"vegClassifier":"VEG","portionSize":"Serves 1"},"ribbon":{},"type":"ITEM","itemBadge":{},"badgesV2":{},"ratings":{"aggregatedRating":{"rating":"4.3","ratingCount":"22 ratings","ratingCountV2":"22"}}},"analytics":{},"hideRestaurantDetails":true}},{"card":{"@type":"type.googleapis.com/swiggy.presentation.food.v2.Dish","info":{"id":"49654394","name":"Bhel Puri","category":"Chaat","description":"Serves 1 | A delightful chaat that indulges in an explosion of sweet, tangy, and crunchy flavors.","imageId":"m1lpk6u8np2l7xmf5xzg","inStock":1,"isVeg":1,"price":7000,"variants":{},"variantsV2":{},"addons":[{"groupId":"80742057","groupName":"Snacks","choices":[{"id":"65312416","name":"Vijus Special Sandwich","price":12000,"inStock":1,"isVeg":1,"isEnabled":1}],"maxAddons":-1,"maxFreeAddons":-1},{"groupId":"80742056","groupName":"Beverages","choices":[{"id":"65312413","name":"Cold Coffee Milkshake","price":7000,"inStock":1,"isVeg":1,"isEnabled":1}],"maxAddons":-1,"maxFreeAddons":-1}],"itemAttribute":{"vegClassifier":"VEG","portionSize":"Serves 1"},"ribbon":{"text":"Bestseller","textColor":"#ffffff","topBackgroundColor":"#d53d4c","bottomBackgroundColor":"#b02331"},"type":"ITEM","itemBadge":{},"badgesV2":{},"isBestseller":true,"ratings":{"aggregatedRating":{"rating":"3.9","ratingCount":"590 ratings","ratingCountV2":"590"}}},"analytics":{},"hideRestaurantDetails":true}},{"card":{"@type":"type.googleapis.com/swiggy.presentation.food.v2.Dish","info":{"id":"49654392","name":"Pani Puri (7 pcs)","category":"Chaat","description":"Serves 1","inStock":1,"isVeg":1,"price":7000,"variants":{},"variantsV2":{},"addons":[{"groupId":"80741485","groupName":"Beverages","choices":[{"id":"65312413","name":"Cold Coffee Milkshake","price":7000,"inStock":1,"isVeg":1,"isEnabled":1}],"maxAddons":-1,"maxFreeAddons":-1},{"groupId":"80741496","groupName":"Snacks","choices":[{"id":"65312416","name":"Vijus Special Sandwich","price":12000,"inStock":1,"isVeg":1,"isEnabled":1}],"maxAddons":-1,"maxFreeAddons":-1}],"itemAttribute":{"vegClassifier":"VEG","portionSize":"Serves 1"},"ribbon":{},"type":"ITEM","itemBadge":{},"badgesV2":{},"ratings":{"aggregatedRating":{"rating":"3.8","ratingCount":"211 ratings","ratingCountV2":"211"}}},"analytics":{},"hideRestaurantDetails":true}},{"card":{"@type":"type.googleapis.com/swiggy.presentation.food.v2.Dish","info":{"id":"49654396","name":"Dahi Puri (7pc)","category":"Chaat","description":"Serves 1","inStock":1,"isVeg":1,"price":10000,"variants":{},"variantsV2":{},"addons":[{"groupId":"80741506","groupName":"Beverages","choices":[{"id":"65312413","name":"Cold Coffee Milkshake","price":7000,"inStock":1,"isVeg":1,"isEnabled":1}],"maxAddons":-1,"maxFreeAddons":-1},{"groupId":"80741508","groupName":"Snacks","choices":[{"id":"65312416","name":"Vijus Special Sandwich","price":12000,"inStock":1,"isVeg":1,"isEnabled":1}],"maxAddons":-1,"maxFreeAddons":-1}],"itemAttribute":{"vegClassifier":"VEG","portionSize":"Serves 1"},"ribbon":{},"type":"ITEM","itemBadge":{},"badgesV2":{},"ratings":{"aggregatedRating":{"rating":"3.7","ratingCount":"214 ratings","ratingCountV2":"214"}}},"analytics":{},"hideRestaurantDetails":true}},{"card":{"@type":"type.googleapis.com/swiggy.presentation.food.v2.Dish","info":{"id":"49654398","name":"Sev Puri (7 pcs)","category":"Chaat","description":"Serves 1 | Exquisite blend of flavors, burst of texture, and freshness captured in a single mouth-watering bite.","imageId":"mcxqeupsdggqxhyalvvd","inStock":1,"isVeg":1,"price":8000,"variants":{},"variantsV2":{},"addons":[{"groupId":"80741532","groupName":"Beverages","choices":[{"id":"65312413","name":"Cold Coffee Milkshake","price":7000,"inStock":1,"isVeg":1,"isEnabled":1}],"maxAddons":-1,"maxFreeAddons":-1},{"groupId":"80741536","groupName":"Snacks","choices":[{"id":"65312416","name":"Vijus Special Sandwich","price":12000,"inStock":1,"isVeg":1,"isEnabled":1}],"maxAddons":-1,"maxFreeAddons":-1}],"itemAttribute":{"vegClassifier":"VEG","portionSize":"Serves 1"},"ribbon":{"text":"Bestseller","textColor":"#ffffff","topBackgroundColor":"#d53d4c","bottomBackgroundColor":"#b02331"},"type":"ITEM","itemBadge":{},"badgesV2":{},"isBestseller":true,"ratings":{"aggregatedRating":{"rating":"4.1","ratingCount":"551 ratings","ratingCountV2":"551"}}},"analytics":{},"hideRestaurantDetails":true}},{"card":{"@type":"type.googleapis.com/swiggy.presentation.food.v2.Dish","info":{"id":"49654395","name":"Bhel Puri Cheese (7 Pcs)","category":"Chaat","description":"Serves 1","inStock":1,"isVeg":1,"price":10000,"variants":{},"variantsV2":{},"addons":[{"groupId":"80741559","groupName":"Beverages","choices":[{"id":"65312413","name":"Cold Coffee Milkshake","price":7000,"inStock":1,"isVeg":1,"isEnabled":1}],"maxAddons":-1,"maxFreeAddons":-1},{"groupId":"80741565","groupName":"Snacks","choices":[{"id":"65312416","name":"Vijus Special Sandwich","price":12000,"inStock":1,"isVeg":1,"isEnabled":1}],"maxAddons":-1,"maxFreeAddons":-1}],"itemAttribute":{"vegClassifier":"VEG","portionSize":"Serves 1"},"ribbon":{},"type":"ITEM","itemBadge":{},"badgesV2":{},"ratings":{"aggregatedRating":{"rating":"2.7","ratingCount":"13 ratings","ratingCountV2":"13"}}},"analytics":{},"hideRestaurantDetails":true}},{"card":{"@type":"type.googleapis.com/swiggy.presentation.food.v2.Dish","info":{"id":"49654397","name":"Dahi Puri Cheese (7 Pcs)","category":"Chaat","description":"Serves 1","inStock":1,"isVeg":1,"price":13000,"variants":{},"variantsV2":{},"addons":[{"groupId":"80741574","groupName":"Beverages","choices":[{"id":"65312413","name":"Cold Coffee Milkshake","price":7000,"inStock":1,"isVeg":1,"isEnabled":1}],"maxAddons":-1,"maxFreeAddons":-1},{"groupId":"80741578","groupName":"Snacks","choices":[{"id":"65312416","name":"Vijus Special Sandwich","price":12000,"inStock":1,"isVeg":1,"isEnabled":1}],"maxAddons":-1,"maxFreeAddons":-1}],"itemAttribute":{"vegClassifier":"VEG","portionSize":"Serves 1"},"ribbon":{},"type":"ITEM","itemBadge":{},"badgesV2":{},"ratings":{"aggregatedRating":{"rating":"3.2","ratingCount":"4 ratings","ratingCountV2":"4"}}},"analytics":{},"hideRestaurantDetails":true}},{"card":{"@type":"type.googleapis.com/swiggy.presentation.food.v2.Dish","info":{"id":"49654282","name":"Sev Puri Cheese (7 Pcs)","category":"Chaat","description":"Serves 1","inStock":1,"isVeg":1,"price":11000,"variants":{},"variantsV2":{},"addons":[{"groupId":"80741586","groupName":"Beverages","choices":[{"id":"65312413","name":"Cold Coffee Milkshake","price":7000,"inStock":1,"isVeg":1,"isEnabled":1}],"maxAddons":-1,"maxFreeAddons":-1},{"groupId":"80741588","groupName":"Snacks","choices":[{"id":"65312416","name":"Vijus Special Sandwich","price":12000,"inStock":1,"isVeg":1,"isEnabled":1}],"maxAddons":-1,"maxFreeAddons":-1}],"itemAttribute":{"vegClassifier":"VEG","portionSize":"Serves 1"},"ribbon":{},"type":"ITEM","itemBadge":{},"badgesV2":{},"ratings":{"aggregatedRating":{"rating":"3.8","ratingCount":"12 ratings","ratingCountV2":"12"}}},"analytics":{},"hideRestaurantDetails":true}},{"card":{"@type":"type.googleapis.com/swiggy.presentation.food.v2.Dish","info":{"id":"49654296","name":"Ragda Puri","category":"Chaat","description":"Serves 1","inStock":1,"isVeg":1,"price":7000,"variants":{},"variantsV2":{},"addons":[{"groupId":"80742023","groupName":"Beverages","choices":[{"id":"65312413","name":"Cold Coffee Milkshake","price":7000,"inStock":1,"isVeg":1,"isEnabled":1}],"maxAddons":-1,"maxFreeAddons":-1},{"groupId":"80742027","groupName":"Snacks","choices":[{"id":"65312416","name":"Vijus Special Sandwich","price":12000,"inStock":1,"isVeg":1,"isEnabled":1}],"maxAddons":-1,"maxFreeAddons":-1}],"itemAttribute":{"vegClassifier":"VEG","portionSize":"Serves 1"},"ribbon":{},"type":"ITEM","itemBadge":{},"badgesV2":{},"ratings":{"aggregatedRating":{"rating":"3.5","ratingCount":"24 ratings","ratingCountV2":"24"}}},"analytics":{},"hideRestaurantDetails":true}},{"card":{"@type":"type.googleapis.com/swiggy.presentation.food.v2.Dish","info":{"id":"49654298","name":"Ragda Cheese Puri","category":"Chaat","description":"Serves 1","inStock":1,"isVeg":1,"price":10000,"variants":{},"variantsV2":{},"addons":[{"groupId":"80742032","groupName":"Beverages","choices":[{"id":"65312413","name":"Cold Coffee Milkshake","price":7000,"inStock":1,"isVeg":1,"isEnabled":1}],"maxAddons":-1,"maxFreeAddons":-1},{"groupId":"80742036","groupName":"Snacks","choices":[{"id":"65312416","name":"Vijus Special Sandwich","price":12000,"inStock":1,"isVeg":1,"isEnabled":1}],"maxAddons":-1,"maxFreeAddons":-1}],"itemAttribute":{"vegClassifier":"VEG","portionSize":"Serves 1"},"ribbon":{},"type":"ITEM","itemBadge":{},"badgesV2":{},"ratings":{"aggregatedRating":{"rating":"3.1","ratingCount":"3 ratings","ratingCountV2":"3"}}},"analytics":{},"hideRestaurantDetails":true}},{"card":{"@type":"type.googleapis.com/swiggy.presentation.food.v2.Dish","info":{"id":"49654302","name":"Dahi Cheese Bhel","category":"Chaat","description":"Serves 1","inStock":1,"isVeg":1,"price":13000,"variants":{},"variantsV2":{},"addons":[{"groupId":"80742048","groupName":"Snacks","choices":[{"id":"65312416","name":"Vijus Special Sandwich","price":12000,"inStock":1,"isVeg":1,"isEnabled":1}],"maxAddons":-1,"maxFreeAddons":-1},{"groupId":"80742043","groupName":"Beverages","choices":[{"id":"65312413","name":"Cold Coffee Milkshake","price":7000,"inStock":1,"isVeg":1,"isEnabled":1}],"maxAddons":-1,"maxFreeAddons":-1}],"itemAttribute":{"vegClassifier":"VEG","portionSize":"Serves 1"},"ribbon":{},"type":"ITEM","itemBadge":{},"badgesV2":{},"ratings":{"aggregatedRating":{"rating":"4.8","ratingCount":"5 ratings","ratingCountV2":"5"}}},"analytics":{},"hideRestaurantDetails":true}},{"card":{"@type":"type.googleapis.com/swiggy.presentation.food.v2.Dish","info":{"id":"49654292","name":"Ragda Patties (1pc)","category":"Chaat","description":"Serves 1 | Savoury potato patty topped with a deliciously flavorful, protein-rich chickpea curry.","inStock":1,"isVeg":1,"price":9000,"variants":{},"variantsV2":{},"addons":[{"groupId":"80742053","groupName":"Beverages","choices":[{"id":"65312413","name":"Cold Coffee Milkshake","price":7000,"inStock":1,"isVeg":1,"isEnabled":1}],"maxAddons":-1,"maxFreeAddons":-1},{"groupId":"80742058","groupName":"Snacks","choices":[{"id":"65312416","name":"Vijus Special Sandwich","price":12000,"inStock":1,"isVeg":1,"isEnabled":1}],"maxAddons":-1,"maxFreeAddons":-1}],"itemAttribute":{"vegClassifier":"VEG","portionSize":"Serves 1"},"ribbon":{},"type":"ITEM","itemBadge":{},"badgesV2":{},"ratings":{"aggregatedRating":{"rating":"3.3","ratingCount":"198 ratings","ratingCountV2":"198"}}},"analytics":{},"hideRestaurantDetails":true}}]}}},{"card":{"card":{"@type":"type.googleapis.com/swiggy.presentation.food.v2.ItemCategory","title":"Special Sandwiches","itemCards":[{"card":{"@type":"type.googleapis.com/swiggy.presentation.food.v2.Dish","info":{"id":"49654301","name":"Vijus Special Sandwich","category":"Special Sandwiches","description":"Serves 1 | | Chef's Special |","inStock":1,"isVeg":1,"price":11000,"variants":{},"variantsV2":{},"itemAttribute":{"vegClassifier":"VEG","portionSize":"Serves 1"},"ribbon":{},"type":"ITEM","itemBadge":{},"badgesV2":{},"ratings":{"aggregatedRating":{"rating":"3.8","ratingCount":"92 ratings","ratingCountV2":"92"}}},"analytics":{},"hideRestaurantDetails":true}},{"card":{"@type":"type.googleapis.com/swiggy.presentation.food.v2.Dish","info":{"id":"49654303","name":"Vijus Special Brown Sandwich","category":"Special Sandwiches","description":"Serves 1 | [Chef's Special]","inStock":1,"isVeg":1,"price":13000,"variants":{},"variantsV2":{},"itemAttribute":{"vegClassifier":"VEG","portionSize":"Serves 1"},"ribbon":{},"type":"ITEM","itemBadge":{},"badgesV2":{},"ratings":{"aggregatedRating":{"rating":"3.4","ratingCount":"14 ratings","ratingCountV2":"14"}}},"analytics":{},"hideRestaurantDetails":true}},{"card":{"@type":"type.googleapis.com/swiggy.presentation.food.v2.Dish","info":{"id":"49655619","name":"Vijus Surprise Sandwich","category":"Special Sandwiches","description":"Serves 1","imageId":"twem9ljwpscbu1lb4pew","inStock":1,"isVeg":1,"price":18000,"variants":{},"variantsV2":{},"itemAttribute":{"vegClassifier":"VEG","portionSize":"Serves 1"},"ribbon":{},"type":"ITEM","itemBadge":{},"badgesV2":{},"ratings":{"aggregatedRating":{"rating":"3.2","ratingCount":"193 ratings","ratingCountV2":"193"}}},"analytics":{},"hideRestaurantDetails":true}},{"card":{"@type":"type.googleapis.com/swiggy.presentation.food.v2.Dish","info":{"id":"49654309","name":"Cheese Chilli Sandwich (1pc)","category":"Special Sandwiches","description":"Serves 1","inStock":1,"isVeg":1,"price":11000,"variants":{},"variantsV2":{},"itemAttribute":{"vegClassifier":"VEG","portionSize":"Serves 1"},"ribbon":{},"type":"ITEM","itemBadge":{},"badgesV2":{},"ratings":{"aggregatedRating":{"rating":"4.0","ratingCount":"90 ratings","ratingCountV2":"90"}}},"analytics":{},"hideRestaurantDetails":true}},{"card":{"@type":"type.googleapis.com/swiggy.presentation.food.v2.Dish","info":{"id":"49654317","name":"Garlic Chilli Club Sandwich","category":"Special Sandwiches","description":"Serves 1","imageId":"gkprxdh7pk43ak61d9kw","inStock":1,"isVeg":1,"price":15000,"variants":{},"variantsV2":{},"itemAttribute":{"vegClassifier":"VEG","portionSize":"Serves 1"},"ribbon":{},"type":"ITEM","itemBadge":{},"badgesV2":{},"ratings":{"aggregatedRating":{"rating":"4.1","ratingCount":"205 ratings","ratingCountV2":"205"}}},"analytics":{},"hideRestaurantDetails":true}},{"card":{"@type":"type.googleapis.com/swiggy.presentation.food.v2.Dish","info":{"id":"49655620","name":"Vijus Surprise Brown Sandwich","category":"Special Sandwiches","description":"Serves 1 | A delectable surprise sandwich with a twist.","inStock":1,"isVeg":1,"price":20000,"variants":{},"variantsV2":{},"itemAttribute":{"vegClassifier":"VEG","portionSize":"Serves 1"},"ribbon":{},"type":"ITEM","itemBadge":{},"badgesV2":{},"ratings":{"aggregatedRating":{"rating":"3.9","ratingCount":"8 ratings","ratingCountV2":"8"}}},"analytics":{},"hideRestaurantDetails":true}},{"card":{"@type":"type.googleapis.com/swiggy.presentation.food.v2.Dish","info":{"id":"49654305","name":"Waje Aloo Brown Sandwich","category":"Special Sandwiches","description":"Serves 1","inStock":1,"isVeg":1,"price":13000,"variants":{},"variantsV2":{},"itemAttribute":{"vegClassifier":"VEG","portionSize":"Serves 1"},"ribbon":{},"type":"ITEM","itemBadge":{},"badgesV2":{},"ratings":{"aggregatedRating":{"rating":"4.7","ratingCount":"10 ratings","ratingCountV2":"10"}}},"analytics":{},"hideRestaurantDetails":true}},{"card":{"@type":"type.googleapis.com/swiggy.presentation.food.v2.Dish","info":{"id":"49654307","name":"Waje Cheese Brown Sandwich","category":"Special Sandwiches","description":"Serves 1","inStock":1,"isVeg":1,"price":13000,"variants":{},"variantsV2":{},"itemAttribute":{"vegClassifier":"VEG","portionSize":"Serves 1"},"ribbon":{},"type":"ITEM","itemBadge":{},"badgesV2":{},"ratings":{"aggregatedRating":{"rating":"4.8","ratingCount":"19 ratings","ratingCountV2":"19"}}},"analytics":{},"hideRestaurantDetails":true}},{"card":{"@type":"type.googleapis.com/swiggy.presentation.food.v2.Dish","info":{"id":"49654311","name":"Cheese Chilli Brown Sandwich","category":"Special Sandwiches","description":"Serves 1","inStock":1,"isVeg":1,"price":13000,"variants":{},"variantsV2":{},"itemAttribute":{"vegClassifier":"VEG","portionSize":"Serves 1"},"ribbon":{},"type":"ITEM","itemBadge":{},"badgesV2":{},"ratings":{"aggregatedRating":{"rating":"5.0","ratingCount":"5 ratings","ratingCountV2":"5"}}},"analytics":{},"hideRestaurantDetails":true}},{"card":{"@type":"type.googleapis.com/swiggy.presentation.food.v2.Dish","info":{"id":"49654313","name":"Cheese Garlic Sandwich","category":"Special Sandwiches","description":"Serves 1","inStock":1,"isVeg":1,"price":11000,"variants":{},"variantsV2":{},"itemAttribute":{"vegClassifier":"VEG","portionSize":"Serves 1"},"ribbon":{},"type":"ITEM","itemBadge":{},"badgesV2":{},"ratings":{"aggregatedRating":{"rating":"4.1","ratingCount":"17 ratings","ratingCountV2":"17"}}},"analytics":{},"hideRestaurantDetails":true}},{"card":{"@type":"type.googleapis.com/swiggy.presentation.food.v2.Dish","info":{"id":"49654315","name":"Cheese Garlic Brown Sandwich","category":"Special Sandwiches","description":"Serves 1","inStock":1,"isVeg":1,"price":13000,"variants":{},"variantsV2":{},"itemAttribute":{"vegClassifier":"VEG","portionSize":"Serves 1"},"ribbon":{},"type":"ITEM","itemBadge":{},"badgesV2":{},"ratings":{"aggregatedRating":{"rating":"2.3","ratingCount":"5 ratings","ratingCountV2":"5"}}},"analytics":{},"hideRestaurantDetails":true}},{"card":{"@type":"type.googleapis.com/swiggy.presentation.food.v2.Dish","info":{"id":"49654319","name":"Garlic Chilli Club Brown Sandwich","category":"Special Sandwiches","description":"Serves 1","inStock":1,"isVeg":1,"price":17000,"variants":{},"variantsV2":{},"itemAttribute":{"vegClassifier":"VEG","portionSize":"Serves 1"},"ribbon":{},"type":"ITEM","itemBadge":{},"badgesV2":{},"ratings":{"aggregatedRating":{"rating":"3.3","ratingCount":"6 ratings","ratingCountV2":"6"}}},"analytics":{},"hideRestaurantDetails":true}},{"card":{"@type":"type.googleapis.com/swiggy.presentation.food.v2.Dish","info":{"id":"49654321","name":"Cheese Pakora Sandwich","category":"Special Sandwiches","description":"Serves 1","inStock":1,"isVeg":1,"price":11000,"variants":{},"variantsV2":{},"itemAttribute":{"vegClassifier":"VEG","portionSize":"Serves 1"},"ribbon":{},"type":"ITEM","itemBadge":{},"badgesV2":{},"ratings":{"aggregatedRating":{"rating":"3.1","ratingCount":"23 ratings","ratingCountV2":"23"}}},"analytics":{},"hideRestaurantDetails":true}},{"card":{"@type":"type.googleapis.com/swiggy.presentation.food.v2.Dish","info":{"id":"49654322","name":"Cheese Pakora Brown Sandwich","category":"Special Sandwiches","description":"Serves 1","inStock":1,"isVeg":1,"price":13000,"variants":{},"variantsV2":{},"itemAttribute":{"vegClassifier":"VEG","portionSize":"Serves 1"},"ribbon":{},"type":"ITEM","itemBadge":{},"badgesV2":{},"ratings":{"aggregatedRating":{"rating":"2.1","ratingCount":"4 ratings","ratingCountV2":"4"}}},"analytics":{},"hideRestaurantDetails":true}},{"card":{"@type":"type.googleapis.com/swiggy.presentation.food.v2.Dish","info":{"id":"49654323","name":"Paneer Special Sandwich","category":"Special Sandwiches","description":"Serves 1","inStock":1,"isVeg":1,"price":9200,"variants":{},"variantsV2":{},"itemAttribute":{"vegClassifier":"VEG","portionSize":"Serves 1"},"ribbon":{},"type":"ITEM","itemBadge":{},"badgesV2":{},"ratings":{"aggregatedRating":{"rating":"2.7","ratingCount":"22 ratings","ratingCountV2":"22"}}},"analytics":{},"hideRestaurantDetails":true}},{"card":{"@type":"type.googleapis.com/swiggy.presentation.food.v2.Dish","info":{"id":"49654324","name":"Paneer Special Brown Sandwich","category":"Special Sandwiches","description":"Serves 1","inStock":1,"isVeg":1,"price":11000,"variants":{},"variantsV2":{},"itemAttribute":{"vegClassifier":"VEG","portionSize":"Serves 1"},"ribbon":{},"type":"ITEM","itemBadge":{},"badgesV2":{},"ratings":{"aggregatedRating":{"rating":"3.9","ratingCount":"5 ratings","ratingCountV2":"5"}}},"analytics":{},"hideRestaurantDetails":true}},{"card":{"@type":"type.googleapis.com/swiggy.presentation.food.v2.Dish","info":{"id":"49654325","name":"Cheese Paneer Special Sandwich","category":"Special Sandwiches","description":"Serves 1","inStock":1,"isVeg":1,"price":11000,"variants":{},"variantsV2":{},"itemAttribute":{"vegClassifier":"VEG","portionSize":"Serves 1"},"ribbon":{},"type":"ITEM","itemBadge":{},"badgesV2":{},"ratings":{"aggregatedRating":{"rating":"4.1","ratingCount":"12 ratings","ratingCountV2":"12"}}},"analytics":{},"hideRestaurantDetails":true}},{"card":{"@type":"type.googleapis.com/swiggy.presentation.food.v2.Dish","info":{"id":"49654326","name":"Cheese Paneer Special Brown Sandwich","category":"Special Sandwiches","description":"Serves 1","inStock":1,"isVeg":1,"price":15000,"variants":{},"variantsV2":{},"itemAttribute":{"vegClassifier":"VEG","portionSize":"Serves 1"},"ribbon":{},"type":"ITEM","itemBadge":{},"badgesV2":{},"ratings":{"aggregatedRating":{"rating":"4.9","ratingCount":"4 ratings","ratingCountV2":"4"}}},"analytics":{},"hideRestaurantDetails":true}},{"card":{"@type":"type.googleapis.com/swiggy.presentation.food.v2.Dish","info":{"id":"49654327","name":"Corn Special Sandwich","category":"Special Sandwiches","description":"Serves 1","inStock":1,"isVeg":1,"price":8000,"variants":{},"variantsV2":{},"itemAttribute":{"vegClassifier":"VEG","portionSize":"Serves 1"},"ribbon":{},"type":"ITEM","itemBadge":{},"badgesV2":{},"ratings":{"aggregatedRating":{"rating":"4.0","ratingCount":"19 ratings","ratingCountV2":"19"}}},"analytics":{},"hideRestaurantDetails":true}},{"card":{"@type":"type.googleapis.com/swiggy.presentation.food.v2.Dish","info":{"id":"49654328","name":"Corn Special Brown Sandwich","category":"Special Sandwiches","description":"Serves 1","inStock":1,"isVeg":1,"price":9000,"variants":{},"variantsV2":{},"itemAttribute":{"vegClassifier":"VEG","portionSize":"Serves 1"},"ribbon":{},"type":"ITEM","itemBadge":{},"badgesV2":{},"ratings":{"aggregatedRating":{"rating":"2.3","ratingCount":"4 ratings","ratingCountV2":"4"}}},"analytics":{},"hideRestaurantDetails":true}},{"card":{"@type":"type.googleapis.com/swiggy.presentation.food.v2.Dish","info":{"id":"49654329","name":"Cheese Corn Special Sandwich","category":"Special Sandwiches","description":"Serves 1","inStock":1,"isVeg":1,"price":12000,"variants":{},"variantsV2":{},"itemAttribute":{"vegClassifier":"VEG","portionSize":"Serves 1"},"ribbon":{},"type":"ITEM","itemBadge":{},"badgesV2":{},"ratings":{"aggregatedRating":{"rating":"2.3","ratingCount":"19 ratings","ratingCountV2":"19"}}},"analytics":{},"hideRestaurantDetails":true}},{"card":{"@type":"type.googleapis.com/swiggy.presentation.food.v2.Dish","info":{"id":"49654330","name":"Cheese Corn Special Brown Sandwich","category":"Special Sandwiches","description":"Serves 1","inStock":1,"isVeg":1,"price":15000,"variants":{},"variantsV2":{},"itemAttribute":{"vegClassifier":"VEG","portionSize":"Serves 1"},"ribbon":{},"type":"ITEM","itemBadge":{},"badgesV2":{},"ratings":{"aggregatedRating":{}}},"analytics":{},"hideRestaurantDetails":true}}]}}},{"card":{"card":{"@type":"type.googleapis.com/swiggy.presentation.food.v2.ItemCategory","title":"Signature Sandwiches","itemCards":[{"card":{"@type":"type.googleapis.com/swiggy.presentation.food.v2.Dish","info":{"id":"49654293","name":"Chocolate Sandwich ","category":"Signature Sandwiches","description":"Serves 1 | Only brown bread.","imageId":"jfvzgqvcpuefqgevm94e","inStock":1,"isVeg":1,"price":16500,"variants":{},"variantsV2":{},"itemAttribute":{"vegClassifier":"VEG","portionSize":"Serves 1"},"ribbon":{"text":"Bestseller","textColor":"#ffffff","topBackgroundColor":"#d53d4c","bottomBackgroundColor":"#b02331"},"type":"ITEM","itemBadge":{},"badgesV2":{},"isBestseller":true,"ratings":{"aggregatedRating":{"rating":"4.2","ratingCount":"210 ratings","ratingCountV2":"210"}}},"analytics":{},"hideRestaurantDetails":true}},{"card":{"@type":"type.googleapis.com/swiggy.presentation.food.v2.Dish","info":{"id":"64652674","name":"Pack Of 3 Kutchi Kadak Cheese","category":"Signature Sandwiches","description":"Serves 1 | Without paav","inStock":1,"isVeg":1,"price":24000,"variants":{},"variantsV2":{},"itemAttribute":{"vegClassifier":"VEG","portionSize":"Serves 1"},"ribbon":{},"type":"ITEM","itemBadge":{},"badgesV2":{},"ratings":{"aggregatedRating":{"rating":"2.2","ratingCount":"4 ratings","ratingCountV2":"4"}}},"analytics":{},"hideRestaurantDetails":true}},{"card":{"@type":"type.googleapis.com/swiggy.presentation.food.v2.Dish","info":{"id":"64652675","name":"Pack Of 3 Viju's Special Dabeli","category":"Signature Sandwiches","description":"Serves 2 | Satisfy your hunger with three delicious and unique signature sandwiches.","inStock":1,"isVeg":1,"price":27000,"variants":{},"variantsV2":{},"itemAttribute":{"vegClassifier":"VEG","portionSize":"Serves 2"},"ribbon":{},"type":"ITEM","itemBadge":{},"badgesV2":{},"ratings":{"aggregatedRating":{"rating":"3.3","ratingCount":"80 ratings","ratingCountV2":"80"}}},"analytics":{},"hideRestaurantDetails":true}},{"card":{"@type":"type.googleapis.com/swiggy.presentation.food.v2.Dish","info":{"id":"49654295","name":"Chocolate Cheese Sandwich ","category":"Signature Sandwiches","description":"Serves 1 | Only brown bread.","imageId":"jfvzgqvcpuefqgevm94e","inStock":1,"isVeg":1,"price":20000,"variants":{},"variantsV2":{},"itemAttribute":{"vegClassifier":"VEG","portionSize":"Serves 1"},"ribbon":{},"type":"ITEM","itemBadge":{},"badgesV2":{},"ratings":{"aggregatedRating":{"rating":"3.3","ratingCount":"51 ratings","ratingCountV2":"51"}}},"analytics":{},"hideRestaurantDetails":true}},{"card":{"@type":"type.googleapis.com/swiggy.presentation.food.v2.Dish","info":{"id":"64652676","name":"Pack Of 4 Butter Dabeli","category":"Signature Sandwiches","description":"4 piece | Serves 1 | Indulge in a set of four scrumptious buttery and savory signature sandwiches.","inStock":1,"isVeg":1,"price":22500,"variants":{},"variantsV2":{},"itemAttribute":{"vegClassifier":"VEG","portionSize":"4 pieces"},"ribbon":{},"type":"ITEM","itemBadge":{},"badgesV2":{},"ratings":{"aggregatedRating":{"rating":"4.1","ratingCount":"502 ratings","ratingCountV2":"502"}}},"analytics":{},"hideRestaurantDetails":true}},{"card":{"@type":"type.googleapis.com/swiggy.presentation.food.v2.Dish","info":{"id":"64652678","name":"Pack Of 5 Butter Dabeli (5 Pcs)","category":"Signature Sandwiches","description":"Serves 1 | A mouth-watering pack of 5 buttery, vegetarian sandwiches with a unique twist.","inStock":1,"isVeg":1,"price":22500,"variants":{"variantGroups":[{"groupId":"11566879","name":"Choice of Preparation","variations":[{"name":"Less Spicy","default":1,"id":"38032004","inStock":1,"isVeg":1,"isEnabled":1},{"name":"Medium Spicy","id":"38032005","inStock":1,"isVeg":1,"isEnabled":1},{"name":"Very Spicy","id":"38032006","inStock":1,"isVeg":1,"isEnabled":1}]}]},"variantsV2":{},"itemAttribute":{"vegClassifier":"VEG","portionSize":"Serves 1"},"ribbon":{"text":"Bestseller","textColor":"#ffffff","topBackgroundColor":"#d53d4c","bottomBackgroundColor":"#b02331"},"type":"ITEM","itemBadge":{},"badgesV2":{},"isBestseller":true,"ratings":{"aggregatedRating":{"rating":"3.9","ratingCount":"976 ratings","ratingCountV2":"976"}}},"analytics":{},"hideRestaurantDetails":true}},{"card":{"@type":"type.googleapis.com/swiggy.presentation.food.v2.Dish","info":{"id":"64652677","name":"Pack Of 4 Cheese Dabeli","category":"Signature Sandwiches","description":"4 piece | Serves 1 | A scrumptious blend of four cheeses in a signature sandwich.","inStock":1,"isVeg":1,"price":30000,"variants":{},"variantsV2":{},"itemAttribute":{"vegClassifier":"VEG","portionSize":"4 pieces"},"ribbon":{},"type":"ITEM","itemBadge":{},"badgesV2":{},"ratings":{"aggregatedRating":{"rating":"3.8","ratingCount":"257 ratings","ratingCountV2":"257"}}},"analytics":{},"hideRestaurantDetails":true}},{"card":{"@type":"type.googleapis.com/swiggy.presentation.food.v2.Dish","info":{"id":"49654279","name":"Cheese Masala Garlic Sandwich (3 Slices)","category":"Signature Sandwiches","description":"Serves 1","inStock":1,"isVeg":1,"price":16000,"variants":{},"variantsV2":{},"itemAttribute":{"vegClassifier":"VEG","portionSize":"Serves 1"},"ribbon":{},"type":"ITEM","itemBadge":{},"badgesV2":{},"ratings":{"aggregatedRating":{"rating":"4.1","ratingCount":"51 ratings","ratingCountV2":"51"}}},"analytics":{},"hideRestaurantDetails":true}},{"card":{"@type":"type.googleapis.com/swiggy.presentation.food.v2.Dish","info":{"id":"49654280","name":"Cheese Masala Garlic Brown Sandwich (3 Slices)","category":"Signature Sandwiches","description":"Serves 1 | A savory and flavorful sandwich made with melted cheese and a garlic-infused bread.","inStock":1,"isVeg":1,"price":21000,"variants":{},"variantsV2":{},"itemAttribute":{"vegClassifier":"VEG","portionSize":"Serves 1"},"ribbon":{},"type":"ITEM","itemBadge":{},"badgesV2":{},"ratings":{"aggregatedRating":{"rating":"2.3","ratingCount":"11 ratings","ratingCountV2":"11"}}},"analytics":{},"hideRestaurantDetails":true}},{"card":{"@type":"type.googleapis.com/swiggy.presentation.food.v2.Dish","info":{"id":"49654281","name":"Cheese Tandoori Mayonnaise Masala Sandwich (3 Slices)","category":"Signature Sandwiches","description":"Serves 1","inStock":1,"isVeg":1,"price":14000,"variants":{},"variantsV2":{},"itemAttribute":{"vegClassifier":"VEG","portionSize":"Serves 1"},"ribbon":{},"type":"ITEM","itemBadge":{},"badgesV2":{},"ratings":{"aggregatedRating":{"rating":"4.1","ratingCount":"43 ratings","ratingCountV2":"43"}}},"analytics":{},"hideRestaurantDetails":true}},{"card":{"@type":"type.googleapis.com/swiggy.presentation.food.v2.Dish","info":{"id":"49654283","name":"Cheese Tandoori Mayonnaise Masala Brown Sandwich(3 Slices)","category":"Signature Sandwiches","description":"Serves 1 | An indulgent veg sandwich with layers of creamy mayo, spicy tandoori masala and gooey cheese.","inStock":1,"isVeg":1,"price":21000,"variants":{},"variantsV2":{},"itemAttribute":{"vegClassifier":"VEG","portionSize":"Serves 1"},"ribbon":{},"type":"ITEM","itemBadge":{},"badgesV2":{},"ratings":{"aggregatedRating":{"rating":"2.7","ratingCount":"10 ratings","ratingCountV2":"10"}}},"analytics":{},"hideRestaurantDetails":true}},{"card":{"@type":"type.googleapis.com/swiggy.presentation.food.v2.Dish","info":{"id":"49654285","name":"Cheese Paneer Masala Sandwich (3 Slices)","category":"Signature Sandwiches","description":"Serves 1","inStock":1,"isVeg":1,"price":16000,"variants":{},"variantsV2":{},"itemAttribute":{"vegClassifier":"VEG","portionSize":"Serves 1"},"ribbon":{},"type":"ITEM","itemBadge":{},"badgesV2":{},"ratings":{"aggregatedRating":{"rating":"3.0","ratingCount":"22 ratings","ratingCountV2":"22"}}},"analytics":{},"hideRestaurantDetails":true}},{"card":{"@type":"type.googleapis.com/swiggy.presentation.food.v2.Dish","info":{"id":"49654287","name":"Cheese Paneer Brown Masala Sandwich (3 Slices)","category":"Signature Sandwiches","description":"Serves 1 | Indulge in a flavorful sandwich oozing with cheese, paneer, and brown masala.","inStock":1,"isVeg":1,"price":21000,"variants":{},"variantsV2":{},"itemAttribute":{"vegClassifier":"VEG","portionSize":"Serves 1"},"ribbon":{},"type":"ITEM","itemBadge":{},"badgesV2":{},"ratings":{"aggregatedRating":{}}},"analytics":{},"hideRestaurantDetails":true}},{"card":{"@type":"type.googleapis.com/swiggy.presentation.food.v2.Dish","info":{"id":"49654289","name":"Cheese Chilli Masala Sandwich (3 Slices)","category":"Signature Sandwiches","description":"Serves 1","inStock":1,"isVeg":1,"price":16000,"variants":{},"variantsV2":{},"itemAttribute":{"vegClassifier":"VEG","portionSize":"Serves 1"},"ribbon":{},"type":"ITEM","itemBadge":{},"badgesV2":{},"ratings":{"aggregatedRating":{"rating":"4.8","ratingCount":"24 ratings","ratingCountV2":"24"}}},"analytics":{},"hideRestaurantDetails":true}},{"card":{"@type":"type.googleapis.com/swiggy.presentation.food.v2.Dish","info":{"id":"49654291","name":"Cheese Chilli Masala Brown Sandwich (3 Slices)","category":"Signature Sandwiches","description":"Serves 1","inStock":1,"isVeg":1,"price":21000,"variants":{},"variantsV2":{},"itemAttribute":{"vegClassifier":"VEG","portionSize":"Serves 1"},"ribbon":{},"type":"ITEM","itemBadge":{},"badgesV2":{},"ratings":{"aggregatedRating":{"rating":"4.7","ratingCount":"4 ratings","ratingCountV2":"4"}}},"analytics":{},"hideRestaurantDetails":true}},{"card":{"@type":"type.googleapis.com/swiggy.presentation.food.v2.Dish","info":{"id":"49654299","name":"Dry Fruit Sandwich (3 Slices)","category":"Signature Sandwiches","description":"Serves 1 | Only brown  bread.","inStock":1,"isVeg":1,"price":20000,"variants":{},"variantsV2":{},"itemAttribute":{"vegClassifier":"VEG","portionSize":"Serves 1"},"ribbon":{},"type":"ITEM","itemBadge":{},"badgesV2":{},"ratings":{"aggregatedRating":{"rating":"3.5","ratingCount":"3 ratings","ratingCountV2":"3"}}},"analytics":{},"hideRestaurantDetails":true}}]}}},{"card":{"card":{"@type":"type.googleapis.com/swiggy.presentation.food.v2.ItemCategory","title":"Grilled Sandwiches","itemCards":[{"card":{"@type":"type.googleapis.com/swiggy.presentation.food.v2.Dish","info":{"id":"49654332","name":"Grilled Cheese Sandwich (3 Slices)","category":"Grilled Sandwiches","description":"Serves 1 | Golden, crispy grilled sandwiches with melted cheese in every bite.","imageId":"l0s6xivzbubn5wxo8fit","inStock":1,"isVeg":1,"price":15000,"variants":{},"variantsV2":{},"itemAttribute":{"vegClassifier":"VEG","portionSize":"Serves 1"},"ribbon":{"text":"Bestseller","textColor":"#ffffff","topBackgroundColor":"#d53d4c","bottomBackgroundColor":"#b02331"},"type":"ITEM","itemBadge":{},"badgesV2":{},"isBestseller":true,"ratings":{"aggregatedRating":{"rating":"3.5","ratingCount":"231 ratings","ratingCountV2":"231"}}},"analytics":{},"hideRestaurantDetails":true}},{"card":{"@type":"type.googleapis.com/swiggy.presentation.food.v2.Dish","info":{"id":"49654338","name":"Grilled Jumbo Cheese Sandwich","category":"Grilled Sandwiches","description":"Serves 1 | Hearty sandwich stuffed generously with assorted seasoned vegetables, cheese and grilled.","inStock":1,"isVeg":1,"price":25000,"variants":{},"variantsV2":{},"itemAttribute":{"vegClassifier":"VEG","portionSize":"Serves 1"},"ribbon":{},"type":"ITEM","itemBadge":{},"badgesV2":{},"ratings":{"aggregatedRating":{"rating":"3.0","ratingCount":"91 ratings","ratingCountV2":"91"}}},"analytics":{},"hideRestaurantDetails":true}},{"card":{"@type":"type.googleapis.com/swiggy.presentation.food.v2.Dish","info":{"id":"49654333","name":"Grilled Sia Sandwich (3 Slices)","category":"Grilled Sandwiches","description":"Serves 1 | Only cheese.","inStock":1,"isVeg":1,"price":11000,"variants":{},"variantsV2":{},"itemAttribute":{"vegClassifier":"VEG","portionSize":"Serves 1"},"ribbon":{},"type":"ITEM","itemBadge":{},"badgesV2":{},"ratings":{"aggregatedRating":{"rating":"4.5","ratingCount":"8 ratings","ratingCountV2":"8"}}},"analytics":{},"hideRestaurantDetails":true}},{"card":{"@type":"type.googleapis.com/swiggy.presentation.food.v2.Dish","info":{"id":"49654337","name":"Grilled Jumbo Sandwich","category":"Grilled Sandwiches","description":"Serves 1 | Sandwich stuffed with smashed potato, onion, tomatoes and capsicum.","inStock":1,"isVeg":1,"price":15000,"variants":{},"variantsV2":{},"itemAttribute":{"vegClassifier":"VEG","portionSize":"Serves 1"},"ribbon":{"text":"Bestseller","textColor":"#ffffff","topBackgroundColor":"#d53d4c","bottomBackgroundColor":"#b02331"},"type":"ITEM","itemBadge":{},"badgesV2":{},"isBestseller":true,"ratings":{"aggregatedRating":{"rating":"4.1","ratingCount":"181 ratings","ratingCountV2":"181"}}},"analytics":{},"hideRestaurantDetails":true}},{"card":{"@type":"type.googleapis.com/swiggy.presentation.food.v2.Dish","info":{"id":"49654331","name":"Waje Grilled Sandwich","category":"Grilled Sandwiches","description":"Serves 1 | A wholesome sandwich with assorted veggies tossed in a simple dressing and grilled to perfection.","imageId":"p3jpbawzvvqzxbfaq4rq","inStock":1,"isVeg":1,"price":13000,"variants":{},"variantsV2":{},"itemAttribute":{"vegClassifier":"VEG","portionSize":"Serves 1"},"ribbon":{},"type":"ITEM","itemBadge":{},"badgesV2":{},"ratings":{"aggregatedRating":{"rating":"3.3","ratingCount":"317 ratings","ratingCountV2":"317"}}},"analytics":{},"hideRestaurantDetails":true}},{"card":{"@type":"type.googleapis.com/swiggy.presentation.food.v2.Dish","info":{"id":"49654334","name":"Grilled Sia Brown Sandwich (3 Slices)","category":"Grilled Sandwiches","description":"Serves 1 | Only cheese.","inStock":1,"isVeg":1,"price":20200,"variants":{},"variantsV2":{},"itemAttribute":{"vegClassifier":"VEG","portionSize":"Serves 1"},"ribbon":{},"type":"ITEM","itemBadge":{},"badgesV2":{},"ratings":{"aggregatedRating":{}}},"analytics":{},"hideRestaurantDetails":true}},{"card":{"@type":"type.googleapis.com/swiggy.presentation.food.v2.Dish","info":{"id":"49654335","name":"Grilled Brown Sandwich","category":"Grilled Sandwiches","description":"Serves 1","inStock":1,"isVeg":1,"price":14000,"variants":{},"variantsV2":{},"itemAttribute":{"vegClassifier":"VEG","portionSize":"Serves 1"},"ribbon":{},"type":"ITEM","itemBadge":{},"badgesV2":{},"ratings":{"aggregatedRating":{"rating":"4.0","ratingCount":"8 ratings","ratingCountV2":"8"}}},"analytics":{},"hideRestaurantDetails":true}},{"card":{"@type":"type.googleapis.com/swiggy.presentation.food.v2.Dish","info":{"id":"49654336","name":"Grilled Brown Cheese Sandwich","category":"Grilled Sandwiches","description":"Serves 1","inStock":1,"isVeg":1,"price":15000,"variants":{},"variantsV2":{},"itemAttribute":{"vegClassifier":"VEG","portionSize":"Serves 1"},"ribbon":{},"type":"ITEM","itemBadge":{},"badgesV2":{},"ratings":{"aggregatedRating":{"rating":"3.6","ratingCount":"15 ratings","ratingCountV2":"15"}}},"analytics":{},"hideRestaurantDetails":true}},{"card":{"@type":"type.googleapis.com/swiggy.presentation.food.v2.Dish","info":{"id":"49654339","name":"Grilled Jumbo Brown Bread Sandwich","category":"Grilled Sandwiches","description":"Serves 1 | A savory, grilled sandwich with jumbo-sized brown bread.","inStock":1,"isVeg":1,"price":24000,"variants":{},"variantsV2":{},"itemAttribute":{"vegClassifier":"VEG","portionSize":"Serves 1"},"ribbon":{},"type":"ITEM","itemBadge":{},"badgesV2":{},"ratings":{"aggregatedRating":{"rating":"4.0","ratingCount":"23 ratings","ratingCountV2":"23"}}},"analytics":{},"hideRestaurantDetails":true}},{"card":{"@type":"type.googleapis.com/swiggy.presentation.food.v2.Dish","info":{"id":"49654340","name":"Grilled Jumbo Brown Bread Cheese Sandwich","category":"Grilled Sandwiches","description":"Serves 1","inStock":1,"isVeg":1,"price":30000,"variants":{},"variantsV2":{},"itemAttribute":{"vegClassifier":"VEG","portionSize":"Serves 1"},"ribbon":{},"type":"ITEM","itemBadge":{},"badgesV2":{},"ratings":{"aggregatedRating":{"rating":"3.9","ratingCount":"25 ratings","ratingCountV2":"25"}}},"analytics":{},"hideRestaurantDetails":true}}]}}},{"card":{"card":{"@type":"type.googleapis.com/swiggy.presentation.food.v2.ItemCategory","title":"Dabeli","itemCards":[{"card":{"@type":"type.googleapis.com/swiggy.presentation.food.v2.Dish","info":{"id":"49654368","name":"Butter Dabeli","category":"Dabeli","description":"Serves 1 | A savory delight with a buttery twist.","inStock":1,"isVeg":1,"price":5000,"variants":{},"variantsV2":{},"itemAttribute":{"vegClassifier":"VEG","portionSize":"Serves 1"},"ribbon":{"text":"Bestseller","textColor":"#ffffff","topBackgroundColor":"#d53d4c","bottomBackgroundColor":"#b02331"},"type":"ITEM","itemBadge":{},"badgesV2":{},"isBestseller":true,"ratings":{"aggregatedRating":{"rating":"4.0","ratingCount":"1381 ratings","ratingCountV2":"1381"}}},"analytics":{},"hideRestaurantDetails":true}},{"card":{"@type":"type.googleapis.com/swiggy.presentation.food.v2.Dish","info":{"id":"49654372","name":"Vijus Special Dabeli","category":"Dabeli","description":"Serves 1 | | Chef's Special |","imageId":"dohlms9eu0j86i7awfwa","inStock":1,"isVeg":1,"price":9000,"variants":{},"variantsV2":{},"itemAttribute":{"vegClassifier":"VEG","portionSize":"Serves 1"},"ribbon":{"text":"Bestseller","textColor":"#ffffff","topBackgroundColor":"#d53d4c","bottomBackgroundColor":"#b02331"},"type":"ITEM","itemBadge":{},"badgesV2":{},"isBestseller":true,"ratings":{"aggregatedRating":{"rating":"4.0","ratingCount":"566 ratings","ratingCountV2":"566"}}},"analytics":{},"hideRestaurantDetails":true}},{"card":{"@type":"type.googleapis.com/swiggy.presentation.food.v2.Dish","info":{"id":"49654369","name":"Butter Cheese Dabeli","category":"Dabeli","description":"Serves 1 | A buttery and cheesy delight, perfect for Dabeli lovers.","inStock":1,"isVeg":1,"price":8000,"variants":{},"variantsV2":{},"itemAttribute":{"vegClassifier":"VEG","portionSize":"Serves 1"},"ribbon":{"text":"Bestseller","textColor":"#ffffff","topBackgroundColor":"#d53d4c","bottomBackgroundColor":"#b02331"},"type":"ITEM","itemBadge":{},"badgesV2":{},"isBestseller":true,"ratings":{"aggregatedRating":{"rating":"3.7","ratingCount":"688 ratings","ratingCountV2":"688"}}},"analytics":{},"hideRestaurantDetails":true}},{"card":{"@type":"type.googleapis.com/swiggy.presentation.food.v2.Dish","info":{"id":"49654370","name":"Jain Dabeli","category":"Dabeli","description":"Serves 1","inStock":1,"isVeg":1,"price":6000,"variants":{},"variantsV2":{},"itemAttribute":{"vegClassifier":"VEG","portionSize":"Serves 1"},"ribbon":{},"type":"ITEM","itemBadge":{},"badgesV2":{},"ratings":{"aggregatedRating":{"rating":"4.8","ratingCount":"54 ratings","ratingCountV2":"54"}}},"analytics":{},"hideRestaurantDetails":true}},{"card":{"@type":"type.googleapis.com/swiggy.presentation.food.v2.Dish","info":{"id":"49654371","name":"Jain Cheese Dabeli","category":"Dabeli","description":"Serves 1","inStock":1,"isVeg":1,"price":8000,"variants":{},"variantsV2":{},"itemAttribute":{"vegClassifier":"VEG","portionSize":"Serves 1"},"ribbon":{},"type":"ITEM","itemBadge":{},"badgesV2":{},"ratings":{"aggregatedRating":{"rating":"4.1","ratingCount":"34 ratings","ratingCountV2":"34"}}},"analytics":{},"hideRestaurantDetails":true}},{"card":{"@type":"type.googleapis.com/swiggy.presentation.food.v2.Dish","info":{"id":"49654374","name":"Mayonnaise  Dabeli","category":"Dabeli","description":"Serves 1","inStock":1,"isVeg":1,"price":6000,"variants":{},"variantsV2":{},"itemAttribute":{"vegClassifier":"VEG","portionSize":"Serves 1"},"ribbon":{},"type":"ITEM","itemBadge":{},"badgesV2":{},"ratings":{"aggregatedRating":{"rating":"4.0","ratingCount":"21 ratings","ratingCountV2":"21"}}},"analytics":{},"hideRestaurantDetails":true}},{"card":{"@type":"type.googleapis.com/swiggy.presentation.food.v2.Dish","info":{"id":"49654375","name":"Mayonnaise  Cheese Dabeli","category":"Dabeli","description":"Serves 1","inStock":1,"isVeg":1,"price":8000,"variants":{},"variantsV2":{},"itemAttribute":{"vegClassifier":"VEG","portionSize":"Serves 1"},"ribbon":{},"type":"ITEM","itemBadge":{},"badgesV2":{},"ratings":{"aggregatedRating":{"rating":"3.9","ratingCount":"20 ratings","ratingCountV2":"20"}}},"analytics":{},"hideRestaurantDetails":true}},{"card":{"@type":"type.googleapis.com/swiggy.presentation.food.v2.Dish","info":{"id":"49654376","name":"Kacchi Kadak Dabeli","category":"Dabeli","description":"Serves 1 | Without paav","inStock":1,"isVeg":1,"price":6000,"variants":{},"variantsV2":{},"itemAttribute":{"vegClassifier":"VEG","portionSize":"Serves 1"},"ribbon":{},"type":"ITEM","itemBadge":{},"badgesV2":{},"ratings":{"aggregatedRating":{"rating":"3.5","ratingCount":"45 ratings","ratingCountV2":"45"}}},"analytics":{},"hideRestaurantDetails":true}},{"card":{"@type":"type.googleapis.com/swiggy.presentation.food.v2.Dish","info":{"id":"49654377","name":"Kacchi Kadak Cheese Dabeli","category":"Dabeli","description":"Serves 1 | Without paav","inStock":1,"isVeg":1,"price":8000,"variants":{},"variantsV2":{},"itemAttribute":{"vegClassifier":"VEG","portionSize":"Serves 1"},"ribbon":{},"type":"ITEM","itemBadge":{},"badgesV2":{},"ratings":{"aggregatedRating":{"rating":"1.9","ratingCount":"26 ratings","ratingCountV2":"26"}}},"analytics":{},"hideRestaurantDetails":true}}]}}},{"card":{"card":{"@type":"type.googleapis.com/swiggy.presentation.food.v2.ItemCategory","title":"Pav Bhaji","itemCards":[{"card":{"@type":"type.googleapis.com/swiggy.presentation.food.v2.Dish","info":{"id":"49654310","name":"Cheese Pav Bhaji (2 Pcs)","category":"Pav Bhaji","description":"Serves 1 | Butter-laden pavs accompanied by a delicious and healthy gravy of mashed vegetables and topped with dollops of butter.","imageId":"tdluad9wfj6moeak6mzq","inStock":1,"isVeg":1,"price":16000,"variants":{},"variantsV2":{},"addons":[{"groupId":"80741492","groupName":"Rice","choices":[{"id":"65312414","name":"Veg Tawa Pulao","price":20000,"inStock":1,"isVeg":1,"isEnabled":1}],"maxAddons":-1,"maxFreeAddons":-1}],"itemAttribute":{"vegClassifier":"VEG","portionSize":"Serves 1"},"ribbon":{},"type":"ITEM","itemBadge":{},"badgesV2":{},"ratings":{"aggregatedRating":{"rating":"2.8","ratingCount":"70 ratings","ratingCountV2":"70"}}},"analytics":{},"hideRestaurantDetails":true}},{"card":{"@type":"type.googleapis.com/swiggy.presentation.food.v2.Dish","info":{"id":"49654312","name":"Khada Pav Bhaji (2 Pcs)","category":"Pav Bhaji","description":"Serves 1 | Butter laden pavs accompanied by a delicious and healthy gravy of mashed vegetables and topped with dollops of butter","imageId":"gletnkwrkbuo09dzjps9","inStock":1,"isVeg":1,"price":14000,"variants":{},"variantsV2":{},"addons":[{"groupId":"80741498","groupName":"Rice","choices":[{"id":"65312414","name":"Veg Tawa Pulao","price":20000,"inStock":1,"isVeg":1,"isEnabled":1}],"maxAddons":-1,"maxFreeAddons":-1},{"groupId":"80741504","groupName":"Extra Pav","choices":[{"id":"65312415","name":"Butter Pav (1pc)","price":2500,"inStock":1,"isVeg":1,"isEnabled":1}],"maxAddons":-1,"maxFreeAddons":-1}],"itemAttribute":{"vegClassifier":"VEG","portionSize":"Serves 1"},"ribbon":{},"type":"ITEM","itemBadge":{},"badgesV2":{},"ratings":{"aggregatedRating":{"rating":"2.7","ratingCount":"50 ratings","ratingCountV2":"50"}}},"analytics":{},"hideRestaurantDetails":true}},{"card":{"@type":"type.googleapis.com/swiggy.presentation.food.v2.Dish","info":{"id":"49654314","name":"Khada Cheese Pav Bhaji (2 pcs)","category":"Pav Bhaji","description":"Serves 1","inStock":1,"isVeg":1,"price":18000,"variants":{},"variantsV2":{},"addons":[{"groupId":"80741515","groupName":"Rice","choices":[{"id":"65312414","name":"Veg Tawa Pulao","price":20000,"inStock":1,"isVeg":1,"isEnabled":1}],"maxAddons":-1,"maxFreeAddons":-1},{"groupId":"80741519","groupName":"Extra Pav","choices":[{"id":"65312415","name":"Butter Pav (1pc)","price":2500,"inStock":1,"isVeg":1,"isEnabled":1}],"maxAddons":-1,"maxFreeAddons":-1}],"itemAttribute":{"vegClassifier":"VEG","portionSize":"Serves 1"},"ribbon":{},"type":"ITEM","itemBadge":{},"badgesV2":{},"ratings":{"aggregatedRating":{"rating":"3.0","ratingCount":"3 ratings","ratingCountV2":"3"}}},"analytics":{},"hideRestaurantDetails":true}},{"card":{"@type":"type.googleapis.com/swiggy.presentation.food.v2.Dish","info":{"id":"49654316","name":"Kolhapuri Pav Bhaji (2 pcs)","category":"Pav Bhaji","description":"Serves 1","inStock":1,"isVeg":1,"price":14000,"variants":{},"variantsV2":{},"addons":[{"groupId":"80741530","groupName":"Rice","choices":[{"id":"65312414","name":"Veg Tawa Pulao","price":20000,"inStock":1,"isVeg":1,"isEnabled":1}],"maxAddons":-1,"maxFreeAddons":-1},{"groupId":"80741534","groupName":"Extra Pav","choices":[{"id":"65312415","name":"Butter Pav (1pc)","price":2500,"inStock":1,"isVeg":1,"isEnabled":1}],"maxAddons":-1,"maxFreeAddons":-1}],"itemAttribute":{"vegClassifier":"VEG","portionSize":"Serves 1"},"ribbon":{},"type":"ITEM","itemBadge":{},"badgesV2":{},"ratings":{"aggregatedRating":{"rating":"3.5","ratingCount":"25 ratings","ratingCountV2":"25"}}},"analytics":{},"hideRestaurantDetails":true}},{"card":{"@type":"type.googleapis.com/swiggy.presentation.food.v2.Dish","info":{"id":"49654318","name":"Kolhapuri Cheese Pav Bhaji (2 pcs)","category":"Pav Bhaji","description":"Serves 1","inStock":1,"isVeg":1,"price":18000,"variants":{},"variantsV2":{},"addons":[{"groupId":"80741546","groupName":"Rice","choices":[{"id":"65312414","name":"Veg Tawa Pulao","price":20000,"inStock":1,"isVeg":1,"isEnabled":1}],"maxAddons":-1,"maxFreeAddons":-1},{"groupId":"80741549","groupName":"Extra Pav","choices":[{"id":"65312415","name":"Butter Pav (1pc)","price":2500,"inStock":1,"isVeg":1,"isEnabled":1}],"maxAddons":-1,"maxFreeAddons":-1}],"itemAttribute":{"vegClassifier":"VEG","portionSize":"Serves 1"},"ribbon":{},"type":"ITEM","itemBadge":{},"badgesV2":{},"ratings":{"aggregatedRating":{"rating":"4.1","ratingCount":"5 ratings","ratingCountV2":"5"}}},"analytics":{},"hideRestaurantDetails":true}},{"card":{"@type":"type.googleapis.com/swiggy.presentation.food.v2.Dish","info":{"id":"49654320","name":"Jain Pav Bhaji (2 pcs)","category":"Pav Bhaji","description":"Serves 1","inStock":1,"isVeg":1,"price":13000,"variants":{},"variantsV2":{},"addons":[{"groupId":"80741562","groupName":"Extra Pav","choices":[{"id":"65312415","name":"Butter Pav (1pc)","price":2500,"inStock":1,"isVeg":1,"isEnabled":1}],"maxAddons":-1,"maxFreeAddons":-1},{"groupId":"80741558","groupName":"Rice","choices":[{"id":"65312414","name":"Veg Tawa Pulao","price":20000,"inStock":1,"isVeg":1,"isEnabled":1}],"maxAddons":-1,"maxFreeAddons":-1}],"itemAttribute":{"vegClassifier":"VEG","portionSize":"Serves 1"},"ribbon":{},"type":"ITEM","itemBadge":{},"badgesV2":{},"ratings":{"aggregatedRating":{"rating":"4.5","ratingCount":"20 ratings","ratingCountV2":"20"}}},"analytics":{},"hideRestaurantDetails":true}},{"card":{"@type":"type.googleapis.com/swiggy.presentation.food.v2.Dish","info":{"id":"49654308","name":"Pav Bhaji (2 Pcs)","category":"Pav Bhaji","description":"Serves 1 | Butter-laden pavs accompanied by a delicious and healthy gravy of mashed vegetables and topped with dollops of butter.","inStock":1,"isVeg":1,"price":12000,"variants":{},"variantsV2":{},"addons":[{"groupId":"80741573","groupName":"Rice","choices":[{"id":"65312414","name":"Veg Tawa Pulao","price":20000,"inStock":1,"isVeg":1,"isEnabled":1}],"maxAddons":-1,"maxFreeAddons":-1},{"groupId":"80741576","groupName":"Extra Pav","choices":[{"id":"65312415","name":"Butter Pav (1pc)","price":2500,"inStock":1,"isVeg":1,"isEnabled":1}],"maxAddons":-1,"maxFreeAddons":-1}],"itemAttribute":{"vegClassifier":"VEG","portionSize":"Serves 1"},"ribbon":{"text":"Bestseller","textColor":"#ffffff","topBackgroundColor":"#d53d4c","bottomBackgroundColor":"#b02331"},"type":"ITEM","itemBadge":{},"badgesV2":{},"isBestseller":true,"ratings":{"aggregatedRating":{"rating":"3.8","ratingCount":"206 ratings","ratingCountV2":"206"}}},"analytics":{},"hideRestaurantDetails":true}}]}}},{"card":{"card":{"@type":"type.googleapis.com/swiggy.presentation.food.v2.ItemCategory","title":"Pav","itemCards":[{"card":{"@type":"type.googleapis.com/swiggy.presentation.food.v2.Dish","info":{"id":"49654358","name":"Butter Cheese Pav (1 Pc)","category":"Pav","description":"Serves 1","inStock":1,"isVeg":1,"price":5000,"variants":{},"variantsV2":{},"itemAttribute":{"vegClassifier":"VEG","portionSize":"Serves 1"},"ribbon":{},"type":"ITEM","itemBadge":{},"badgesV2":{},"ratings":{"aggregatedRating":{"rating":"3.7","ratingCount":"39 ratings","ratingCountV2":"39"}}},"analytics":{},"hideRestaurantDetails":true}},{"card":{"@type":"type.googleapis.com/swiggy.presentation.food.v2.Dish","info":{"id":"49654362","name":"Spicy Mayonnaise  Cheese Sev Pav (1 Pc)","category":"Pav","description":"Medium Spicy | Serves 1","inStock":1,"isVeg":1,"price":8000,"variants":{},"variantsV2":{},"itemAttribute":{"vegClassifier":"VEG","spiceLevel":"MEDIUMSPICY","portionSize":"Serves 1"},"ribbon":{},"type":"ITEM","itemBadge":{},"badgesV2":{},"ratings":{"aggregatedRating":{}}},"analytics":{},"hideRestaurantDetails":true}},{"card":{"@type":"type.googleapis.com/swiggy.presentation.food.v2.Dish","info":{"id":"49654359","name":"Mayonnaise Sev Pav (1 Pc)","category":"Pav","description":"Serves 1","inStock":1,"isVeg":1,"price":6000,"variants":{},"variantsV2":{},"itemAttribute":{"vegClassifier":"VEG","portionSize":"Serves 1"},"ribbon":{},"type":"ITEM","itemBadge":{},"badgesV2":{},"ratings":{"aggregatedRating":{"rating":"5.0","ratingCount":"6 ratings","ratingCountV2":"6"}}},"analytics":{},"hideRestaurantDetails":true}},{"card":{"@type":"type.googleapis.com/swiggy.presentation.food.v2.Dish","info":{"id":"49654360","name":"Mayonnaise Sev Cheese Pav (1 Pc)","category":"Pav","description":"Serves 1","inStock":1,"isVeg":1,"price":8000,"variants":{},"variantsV2":{},"itemAttribute":{"vegClassifier":"VEG","portionSize":"Serves 1"},"ribbon":{},"type":"ITEM","itemBadge":{},"badgesV2":{},"ratings":{"aggregatedRating":{"rating":"3.0","ratingCount":"11 ratings","ratingCountV2":"11"}}},"analytics":{},"hideRestaurantDetails":true}},{"card":{"@type":"type.googleapis.com/swiggy.presentation.food.v2.Dish","info":{"id":"49654361","name":"Spicy Mayonnaise  Sev Pav (1 Pc)","category":"Pav","description":"Serves 1 | [Spicy]","inStock":1,"isVeg":1,"price":6000,"variants":{},"variantsV2":{},"itemAttribute":{"vegClassifier":"VEG","portionSize":"Serves 1"},"ribbon":{},"type":"ITEM","itemBadge":{},"badgesV2":{},"ratings":{"aggregatedRating":{"rating":"2.9","ratingCount":"7 ratings","ratingCountV2":"7"}}},"analytics":{},"hideRestaurantDetails":true}},{"card":{"@type":"type.googleapis.com/swiggy.presentation.food.v2.Dish","info":{"id":"49654363","name":"Tandoori Mayonnaise Sev Pav (1 Pc)","category":"Pav","description":"Serves 1","inStock":1,"isVeg":1,"price":6000,"variants":{},"variantsV2":{},"itemAttribute":{"vegClassifier":"VEG","portionSize":"Serves 1"},"ribbon":{},"type":"ITEM","itemBadge":{},"badgesV2":{},"ratings":{"aggregatedRating":{"rating":"4.3","ratingCount":"7 ratings","ratingCountV2":"7"}}},"analytics":{},"hideRestaurantDetails":true}},{"card":{"@type":"type.googleapis.com/swiggy.presentation.food.v2.Dish","info":{"id":"49654364","name":"Tandoori Mayonnaise Cheese Sev Pav (1 Pc)","category":"Pav","description":"Serves 1","inStock":1,"isVeg":1,"price":8000,"variants":{},"variantsV2":{},"itemAttribute":{"vegClassifier":"VEG","portionSize":"Serves 1"},"ribbon":{},"type":"ITEM","itemBadge":{},"badgesV2":{},"ratings":{"aggregatedRating":{"rating":"2.7","ratingCount":"11 ratings","ratingCountV2":"11"}}},"analytics":{},"hideRestaurantDetails":true}},{"card":{"@type":"type.googleapis.com/swiggy.presentation.food.v2.Dish","info":{"id":"49654365","name":"Chilli Mayonnaise Sev Pav (1 Pc)","category":"Pav","description":"Serves 1","inStock":1,"isVeg":1,"price":6000,"variants":{},"variantsV2":{},"itemAttribute":{"vegClassifier":"VEG","portionSize":"Serves 1"},"ribbon":{},"type":"ITEM","itemBadge":{},"badgesV2":{},"ratings":{"aggregatedRating":{"rating":"3.5","ratingCount":"5 ratings","ratingCountV2":"5"}}},"analytics":{},"hideRestaurantDetails":true}},{"card":{"@type":"type.googleapis.com/swiggy.presentation.food.v2.Dish","info":{"id":"49654366","name":"Chilli Mayonnaise Cheese Sev Pav (1 Pc)","category":"Pav","description":"Serves 1","inStock":1,"isVeg":1,"price":8000,"variants":{},"variantsV2":{},"itemAttribute":{"vegClassifier":"VEG","portionSize":"Serves 1"},"ribbon":{},"type":"ITEM","itemBadge":{},"badgesV2":{},"ratings":{"aggregatedRating":{}}},"analytics":{},"hideRestaurantDetails":true}},{"card":{"@type":"type.googleapis.com/swiggy.presentation.food.v2.Dish","info":{"id":"49654357","name":"Butter Pav (1pc)","category":"Pav","description":"Serves 1","imageId":"z9yfx37g6s20335ji2d1","inStock":1,"isVeg":1,"price":1500,"variants":{},"variantsV2":{},"itemAttribute":{"vegClassifier":"VEG","portionSize":"Serves 1"},"ribbon":{},"type":"ITEM","itemBadge":{},"badgesV2":{},"ratings":{"aggregatedRating":{"rating":"3.8","ratingCount":"131 ratings","ratingCountV2":"131"}}},"analytics":{},"hideRestaurantDetails":true}}]}}},{"card":{"card":{"@type":"type.googleapis.com/swiggy.presentation.food.v2.ItemCategory","title":"Pulao","itemCards":[{"card":{"@type":"type.googleapis.com/swiggy.presentation.food.v2.Dish","info":{"id":"49655622","name":"Veg Tawa Pulao","category":"Pulao","description":"Serves 1 | A wholesome dish prepared by cooking chopped vegetables and rice in a flavorful Indian masala tossed in a tawa.","imageId":"ejapisucsmw0boh7iojd","inStock":1,"isVeg":1,"price":20000,"variants":{},"variantsV2":{},"itemAttribute":{"vegClassifier":"VEG","portionSize":"Serves 1"},"ribbon":{},"type":"ITEM","itemBadge":{},"badgesV2":{},"ratings":{"aggregatedRating":{"rating":"3.5","ratingCount":"245 ratings","ratingCountV2":"245"}}},"analytics":{},"hideRestaurantDetails":true}},{"card":{"@type":"type.googleapis.com/swiggy.presentation.food.v2.Dish","info":{"id":"49655623","name":"Cheese Tawa Pulao (1 plate)","category":"Pulao","description":"Serves 1 | Cheese tawa pulao is a popular mumbai street food of rice and vegetables sauteed together.","imageId":"epxdrckdsgzynwlr3z68","inStock":1,"isVeg":1,"price":26000,"variants":{},"variantsV2":{},"itemAttribute":{"vegClassifier":"VEG","portionSize":"Serves 1"},"ribbon":{},"type":"ITEM","itemBadge":{},"badgesV2":{},"ratings":{"aggregatedRating":{"rating":"3.5","ratingCount":"86 ratings","ratingCountV2":"86"}}},"analytics":{},"hideRestaurantDetails":true}},{"card":{"@type":"type.googleapis.com/swiggy.presentation.food.v2.Dish","info":{"id":"49655624","name":"Paneer Pulao (1 plate)","category":"Pulao","description":"Serves 1 | A fragrant and flavorful rice dish with succulent pieces of paneer.","inStock":1,"isVeg":1,"price":23000,"variants":{},"variantsV2":{},"itemAttribute":{"vegClassifier":"VEG","portionSize":"Serves 1"},"ribbon":{},"type":"ITEM","itemBadge":{},"badgesV2":{},"ratings":{"aggregatedRating":{"rating":"4.2","ratingCount":"9 ratings","ratingCountV2":"9"}}},"analytics":{},"hideRestaurantDetails":true}},{"card":{"@type":"type.googleapis.com/swiggy.presentation.food.v2.Dish","info":{"id":"49655625","name":"Cheese Paneer Pulao (1 plate)","category":"Pulao","description":"Serves 1 | Savory and creamy, this vegetarian pulao is the ultimate comfort food with a cheesy twist.","inStock":1,"isVeg":1,"price":26000,"variants":{},"variantsV2":{},"itemAttribute":{"vegClassifier":"VEG","portionSize":"Serves 1"},"ribbon":{},"type":"ITEM","itemBadge":{},"badgesV2":{},"ratings":{"aggregatedRating":{"rating":"2.8","ratingCount":"7 ratings","ratingCountV2":"7"}}},"analytics":{},"hideRestaurantDetails":true}},{"card":{"@type":"type.googleapis.com/swiggy.presentation.food.v2.Dish","info":{"id":"49655627","name":"Special Veg Pulao (1 plate)","category":"Pulao","description":"Serves 1 | A flavorful, aromatic vegetarian rice dish.","imageId":"jwapqfdrt4emonswjitk","inStock":1,"isVeg":1,"price":25000,"variants":{},"variantsV2":{},"itemAttribute":{"vegClassifier":"VEG","portionSize":"Serves 1"},"ribbon":{},"type":"ITEM","itemBadge":{},"badgesV2":{},"ratings":{"aggregatedRating":{"rating":"1.5","ratingCount":"16 ratings","ratingCountV2":"16"}}},"analytics":{},"hideRestaurantDetails":true}}]}}},{"card":{"card":{"@type":"type.googleapis.com/swiggy.presentation.food.v2.ItemCategory","title":"Healthy Foods","itemCards":[{"card":{"@type":"type.googleapis.com/swiggy.presentation.food.v2.Dish","info":{"id":"74840813","name":"Chutney Sandwich     ","category":"Healthy Foods","description":"Serves 1","inStock":1,"isVeg":1,"price":6300,"variants":{},"variantsV2":{},"itemAttribute":{"vegClassifier":"VEG","portionSize":"Serves 1"},"ribbon":{},"type":"ITEM","itemBadge":{},"badgesV2":{},"ratings":{"aggregatedRating":{"rating":"4.8","ratingCount":"15 ratings","ratingCountV2":"15"}}},"analytics":{},"hideRestaurantDetails":true}}]}}},{"card":{"card":{"@type":"type.googleapis.com/swiggy.presentation.food.v2.ItemCategory","title":"Beverages","itemCards":[{"card":{"@type":"type.googleapis.com/swiggy.presentation.food.v2.Dish","info":{"id":"49654382","name":"Cold Coffee Milkshake","category":"Beverages","description":"Serves 1","imageId":"n1guh3dh3hjnzdcwyysv","inStock":1,"isVeg":1,"price":7000,"variants":{},"variantsV2":{},"itemAttribute":{"vegClassifier":"VEG","portionSize":"Serves 1"},"ribbon":{},"type":"ITEM","itemBadge":{},"badgesV2":{},"ratings":{"aggregatedRating":{"rating":"3.3","ratingCount":"86 ratings","ratingCountV2":"86"}}},"analytics":{},"hideRestaurantDetails":true}},{"card":{"@type":"type.googleapis.com/swiggy.presentation.food.v2.Dish","info":{"id":"49654385","name":"Lassi (200 ml)","category":"Beverages","description":"Serves 1 | Sweet lassi is a blend of yogurt, water and sugar.","imageId":"stqaul2mrgelmprqtgoj","inStock":1,"isVeg":1,"price":7000,"variants":{},"variantsV2":{},"itemAttribute":{"vegClassifier":"VEG","portionSize":"Serves 1"},"ribbon":{},"type":"ITEM","itemBadge":{},"badgesV2":{},"ratings":{"aggregatedRating":{"rating":"2.5","ratingCount":"144 ratings","ratingCountV2":"144"}}},"analytics":{},"hideRestaurantDetails":true}},{"card":{"@type":"type.googleapis.com/swiggy.presentation.food.v2.Dish","info":{"id":"49654383","name":"Cold Chocolate (200 ml)","category":"Beverages","description":"Serves 1","inStock":1,"isVeg":1,"price":7000,"variants":{},"variantsV2":{},"itemAttribute":{"vegClassifier":"VEG","portionSize":"Serves 1"},"ribbon":{},"type":"ITEM","itemBadge":{},"badgesV2":{},"ratings":{"aggregatedRating":{"rating":"1.7","ratingCount":"18 ratings","ratingCountV2":"18"}}},"analytics":{},"hideRestaurantDetails":true}},{"card":{"@type":"type.googleapis.com/swiggy.presentation.food.v2.Dish","info":{"id":"49654386","name":"Chocolate Lassi (200 ml)","category":"Beverages","description":"Serves 1","inStock":1,"isVeg":1,"price":8000,"variants":{},"variantsV2":{},"itemAttribute":{"vegClassifier":"VEG","portionSize":"Serves 1"},"ribbon":{},"type":"ITEM","itemBadge":{},"badgesV2":{},"ratings":{"aggregatedRating":{"rating":"1.5","ratingCount":"15 ratings","ratingCountV2":"15"}}},"analytics":{},"hideRestaurantDetails":true}},{"card":{"@type":"type.googleapis.com/swiggy.presentation.food.v2.Dish","info":{"id":"49654387","name":"Chaas (200 ml)","category":"Beverages","description":"Serves 1","inStock":1,"isVeg":1,"price":5000,"variants":{},"variantsV2":{},"itemAttribute":{"vegClassifier":"VEG","portionSize":"Serves 1"},"ribbon":{},"type":"ITEM","itemBadge":{},"badgesV2":{},"ratings":{"aggregatedRating":{"rating":"1.4","ratingCount":"5 ratings","ratingCountV2":"5"}}},"analytics":{},"hideRestaurantDetails":true}},{"card":{"@type":"type.googleapis.com/swiggy.presentation.food.v2.Dish","info":{"id":"49654388","name":"Masala Chaas","category":"Beverages","description":"Serves 1","inStock":1,"isVeg":1,"price":5000,"variants":{},"variantsV2":{},"itemAttribute":{"vegClassifier":"VEG","portionSize":"Serves 1"},"ribbon":{},"type":"ITEM","itemBadge":{},"badgesV2":{},"ratings":{"aggregatedRating":{"rating":"4.8","ratingCount":"22 ratings","ratingCountV2":"22"}}},"analytics":{},"hideRestaurantDetails":true}},{"card":{"@type":"type.googleapis.com/swiggy.presentation.food.v2.Dish","info":{"id":"49654391","name":"Coffee","category":"Beverages","description":"Serves 1","inStock":1,"isVeg":1,"price":4000,"variants":{},"variantsV2":{},"itemAttribute":{"vegClassifier":"VEG","portionSize":"Serves 1"},"ribbon":{},"type":"ITEM","itemBadge":{},"badgesV2":{},"ratings":{"aggregatedRating":{"rating":"4.2","ratingCount":"27 ratings","ratingCountV2":"27"}}},"analytics":{},"hideRestaurantDetails":true}}]}}},{"card":{"card":{"@type":"type.googleapis.com/swiggy.presentation.food.v2.ItemCategory","title":"Extra","itemCards":[{"card":{"@type":"type.googleapis.com/swiggy.presentation.food.v2.Dish","info":{"id":"49654367","name":"Pav (1 Pc)","category":"Extra","description":"Serves 1","inStock":1,"isVeg":1,"price":1500,"variants":{},"variantsV2":{},"itemAttribute":{"vegClassifier":"VEG","portionSize":"Serves 1"},"ribbon":{},"type":"ITEM","itemBadge":{},"badgesV2":{},"ratings":{"aggregatedRating":{"rating":"4.1","ratingCount":"42 ratings","ratingCountV2":"42"}}},"analytics":{},"hideRestaurantDetails":true}}]}}},{"card":{"card":{"@type":"type.googleapis.com/swiggy.presentation.food.v2.RestaurantLicenseInfo","type":"FSSAI","imageId":"fssai_final_edss9i","text":["License No. 11518027000768"]}}},{"card":{"card":{"@type":"type.googleapis.com/swiggy.presentation.food.v2.RestaurantAddress","name":"Vijus Dabeli","area":"College Road","completeAddress":"SHop No 5,6,7 Kanchwala Aveneu Collage road nashik"}}}]}}}}],"firstOffsetRequest":true,"isQCLink":false},"tid":"5962befe-3342-4387-b0e6-e1871f42cb59","sid":"8yl99cec-3c62-4543-a68b-5a863ec58ce7","deviceId":"66f1d22a-02c3-5f6f-e8e5-7dd060f63ee1","csrfToken":"melrGNbfBTJV-cUUktF3U0B7H4BJL7PlPyJJwd_U"}