{"statusCode":0,"data":{"statusMessage":"done successfully","cards":[{"card":{"card":{"@type":"type.googleapis.com/swiggy.presentation.food.v2.Restaurant","info":{"id":"88667","name":"Natural Ice Cream","city":"Nashik","slugs":{"restaurant":"natural-ice-cream-opp-carnival-restaurant-college-road","city":"nashik"},"uniqueId":"581a3bb5-87c9-4b31-9573-2c06137eff39","cloudinaryImageId":"nsradzgefubdccpfwop6","locality":"Gangapur Road","areaName":"College Road","costForTwo":"15000","costForTwoMessage":"₹150 for two","cuisines":["Ice Cream","Desserts"],"avgRating":4.6,"veg":true,"feeDetails":{"restaurantId":"88667","fees":[{"name":"distance","fee":2700},{"name":"time"},{"name":"special"}],"totalFee":2700,"title":"Delivery Charge","amount":"2700"},"parentId":"2093","avgRatingString":"4.6","totalRatingsString":"1K+ ratings","sla":{"restaurantId":"88667","deliveryTime":20,"minDeliveryTime":20,"maxDeliveryTime":20,"lastMileTravel":5,"serviceability":"SERVICEABLE","stressFactor":0.629471,"rainMode":"RAIN_MODE_NONE","longDistance":"LONG_DISTANCE_NOT_LONG_DISTANCE","zoneId":550,"slaString":"20 MINS","lastMileTravelString":"5.0 km","iconType":"ICON_TYPE_EMPTY"},"availability":{"nextCloseTime":"2023-08-25 23:30:00","visibility":true,"opened":true,"restaurantClosedMeta":{}},"aggregatedDiscountInfo":{"header":"20% off","shortDescriptionList":[{"meta":"20% off | Use TRYNEW","discountType":"Percentage","operationType":"RESTAURANT"},{"discountType":"Percentage","operationType":"RESTAURANT"}],"descriptionList":[{"meta":"20% off up to ₹50 | Use code TRYNEW","discountType":"Percentage","operationType":"RESTAURANT"},{"meta":"20% off up to ₹100 | Use RUPAY100 Above ₹129","discountType":"Percentage","operationType":"RESTAURANT"}],"visible":true},"badges":{},"slugString":"natural-ice-cream-opp-carnival-restaurant-college-road","isOpen":true,"labels":[{"title":"Timings","message":"null"},{"title":"Address","message":"Shop No 3, Motiwala Plaza, College Road, Bhonsala Circle- Gangapur Road Jean Circle Link Road , Nashik, Opp Carnival Restaurant, Nashik, Maharashtra-422005"},{"title":"Cuisines","message":"Ice Cream,Desserts"}],"totalRatings":1000,"aggregatedDiscountInfoV2":{"header":"20% off","shortDescriptionList":[{"meta":"20% off | Use TRYNEW","discountType":"Percentage","operationType":"RESTAURANT"},{"discountType":"Percentage","operationType":"RESTAURANT"}],"descriptionList":[{"meta":"20% off up to ₹50 | Use code TRYNEW","discountType":"Percentage","operationType":"RESTAURANT"},{"meta":"20% off up to ₹100 | Use RUPAY100 Above ₹129","discountType":"Percentage","operationType":"RESTAURANT"}],"couponDetailsCta":"View coupon details"},"type":"F","headerBanner":{"url":"swiggy://webview?is_external=false&webview_url=https://www.swiggy.com/restaurant-info/88667"},"expectationNotifiers":[{"icon":{},"popup":{"cta":{}},"type":"DISTANCE_FEE_NON_FOOD_LM","halfCardPopup":{"halfCardPopupHeader":{}}}],"ratingSlab":"RATING_SLAB_5","orderabilityCommunication":{"title":{},"subTitle":{},"message":{},"customIcon":{}},"hasBestsellerItems":true,"cartOrderabilityNudgeBanner":{"parameters":{},"presentation":{}},"latLong":"20.0092974,73.7555483"},"analytics":{}},"relevance":{"type":"RELEVANCE_TYPE_CHECK_ORDERABILITY_ON_ITEM_ADD","sectionId":"POP_UP_CROUTON_MENU"}}},{"card":{"card":{"@type":"type.googleapis.com/swiggy.gandalf.widgets.v2.GridWidget","layout":{"rows":1,"columns":4,"horizontalScrollEnabled":true,"itemSpacing":12,"lineSpacing":10,"widgetPadding":{},"containerStyle":{"containerPadding":{"left":10,"right":10,"bottom":16}},"scrollBar":{}},"id":"offerCollectionWidget_UX4","gridElements":{"infoWithStyle":{"@type":"type.googleapis.com/swiggy.presentation.food.v2.OfferInfoWithStyle","offers":[{"info":{"header":"20% OFF UPTO ₹50","offerTagColor":"#E46D47","offerIds":["b3fcee56-e2e2-4649-b9a7-07d0d4337a39"],"expiryTime":"1970-01-01T00:00:00Z","couponCode":"USE TRYNEW","description":"ABOVE ₹159","offerType":"offers","restId":"88667","offerLogo":"offers/generic","descriptionTextColor":"#7302060C"},"cta":{"type":"OFFER_HALF_CARD"}},{"info":{"header":"20% OFF UPTO ₹100","offerTagColor":"#E46D47","logoBottom":"rng/md/ads/production/be912a4c543f00172d9f82c033ee7239","offerIds":["70a98e19-77b5-43d4-b6ec-3c32929ae868"],"expiryTime":"1970-01-01T00:00:00Z","couponCode":"USE RUPAY100","description":"ABOVE ₹129","offerType":"offers","restId":"88667","offerLogo":"rng/md/ads/production/be912a4c543f00172d9f82c033ee7239","descriptionTextColor":"#7302060C"},"cta":{"type":"OFFER_HALF_CARD"}},{"info":{"header":"15% OFF UPTO ₹300","offerTagColor":"#E46D47","logoBottom":"rng/md/ads/production/15fb1cfe885005447dc8375e7970600f","offerIds":["dc23cf1d-dce3-4ad1-8506-ff010e482b6e"],"expiryTime":"1970-01-01T00:00:00Z","couponCode":"USE CITIFOODIE","description":"ABOVE ₹1200","offerType":"offers","restId":"88667","offerLogo":"rng/md/ads/production/15fb1cfe885005447dc8375e7970600f","descriptionTextColor":"#7302060C"},"cta":{"type":"OFFER_HALF_CARD"}},{"info":{"header":"20% OFF UPTO ₹80","offerTagColor":"#E46D47","logoBottom":"rng/md/ads/production/6de08393313dbf29b8b4c610c30702ad","offerIds":["9b4931b9-0bea-4fdb-acb9-afa86da43919"],"expiryTime":"1970-01-01T00:00:00Z","couponCode":"USE ONECARD","description":"ABOVE ₹250","offerType":"offers","restId":"88667","offerLogo":"rng/md/ads/production/6de08393313dbf29b8b4c610c30702ad","descriptionTextColor":"#7302060C"},"cta":{"type":"OFFER_HALF_CARD"}}]}}}}},{"groupedCard":{"cardGroupMap":{"REGULAR":{"cards":[{"card":{"card":{"@type":"type.googleapis.com/swiggy.presentation.food.v2.MenuVegFilterAndBadge","isPureVeg":true,"badges":{},"vegOnlyDetails":{"imageId":"AutoVegOnly_qkjowj","title":"Showing only vegetarian options.","description":"Tap on the VEG ONLY button to turn off the setting"},"topRatedFilter":{}}}},{"card":{"card":{"@type":"type.googleapis.com/swiggy.presentation.food.v2.ItemCategory","title":"Recommended","itemCards":[{"card":{"@type":"type.googleapis.com/swiggy.presentation.food.v2.Dish","info":{"id":"58994580","name":"Sitaphal Ice Cream","category":"Seasonal","description":"Serves 1 | This blockbuster flavour from Naturals is loved across the nation. This is why we go to great lengths to make this flavour, including sourcing the best Sitaphal from Saswad, Maharashtra. We’ve also innovated and self-engineered the machine used for the pulping of sitaphal. Because we know that you’ll go to great lengths as well to relish this flavour!\r\n\r\nEnergy (Kcal) :- 155,\r\nCarbohydrate (g):- 21,\r\nProtein (g):- 4,\r\nFats (g):- 10,\r\nAllergen Declaration:- May contain: Brazilnuts, Cashew, Hazelnuts, Pecans, Pistachio, Walnut, Peanut & Milk,\r\nServing size : 80 gm per person","imageId":"edcb4ec51392bc498444f761df930a9b","inStock":1,"isVeg":1,"variants":{},"variantsV2":{"variantGroups":[{"groupId":"29520865","name":"Choose Size","variations":[{"name":"Single scoop cup","price":69.92,"default":1,"id":"92408723","isVeg":1,"isEnabled":1},{"name":"Double scoop cup","price":130.5,"id":"92408724","isVeg":1,"isEnabled":1},{"name":"Mini Pack 300 grams","price":261.02,"id":"92408725","isVeg":1,"isEnabled":1},{"name":"Family Pack 500 grams","price":349.58,"id":"92408726","inStock":1,"isVeg":1,"isEnabled":1}]}],"pricingModels":[{"variations":[{"groupId":"29520865","variationId":"92408723"}],"price":6992,"addonCombinations":[{"groupId":"98206283","addonId":"62385257"}]},{"variations":[{"groupId":"29520865","variationId":"92408724"}],"price":13050,"addonCombinations":[{"groupId":"98206283","addonId":"62385257"}]},{"variations":[{"groupId":"29520865","variationId":"92408725"}],"price":26102,"addonCombinations":[{"groupId":"98206282","addonId":"63191744"},{"groupId":"98206282","addonId":"63191745"},{"groupId":"98206282","addonId":"63191746"}]},{"variations":[{"groupId":"29520865","variationId":"92408726"}],"price":34958,"addonCombinations":[{"groupId":"98206282","addonId":"63191744"},{"groupId":"98206282","addonId":"63191745"},{"groupId":"98206282","addonId":"63191746"}]}]},"itemAttribute":{"vegClassifier":"VEG","portionSize":"Serves 1"},"defaultPrice":6992,"ribbon":{"text":"Bestseller","textColor":"#ffffff","topBackgroundColor":"#d53d4c","bottomBackgroundColor":"#b02331"},"showImage":true,"itemBadge":{},"badgesV2":{},"isBestseller":true,"ratings":{"aggregatedRating":{"rating":"4.6","ratingCount":"278 ratings","ratingCountV2":"278"}}},"analytics":{},"hideRestaurantDetails":true}},{"card":{"@type":"type.googleapis.com/swiggy.presentation.food.v2.Dish","info":{"id":"58994587","name":"Mango (Medium Fat) Ice Cream","category":"Seasonal","description":"Serves 1 | We’ve taken the king of fruits and created an ice cream flavour that rules! Our mango ice cream is made from hand-picked Alphonso mangoes sourced from Ratnagiri. This flavour is every mango lover’s fantasy come true.\r\n\r\nEnergy (Kcal) :- 149,\r\nCarbohydrate (g):- 17,\r\nProtein (g):- 5,\r\nFats (g):- 8,\r\nAllergen Declaration:- May contain: Brazilnuts, Cashew, Hazelnuts, Pecans, Pistachio, Walnut, Peanut & Milk,\r\nServing size : 80 gm per person\r\n\r\n\r\n\r\n\r\n\r\n\r\n\r\n \r\n\r\n\r\n\r\n\r\n","imageId":"40a593e5fcb77b2a7c7750d41d3dc621","inStock":1,"isVeg":1,"variants":{},"variantsV2":{"variantGroups":[{"groupId":"11556129","name":"Choose Size","variations":[{"name":"Single scoop cup","price":69.92,"default":1,"id":"37997668","isVeg":1,"isEnabled":1},{"name":"Double scoop cup","price":130.5,"id":"37997670","isVeg":1,"isEnabled":1},{"name":"Mini Pack 300 grams","price":261.02,"id":"37997673","isVeg":1,"isEnabled":1},{"name":"Family Pack 500 grams","price":349.58,"id":"37997679","inStock":1,"isVeg":1,"isEnabled":1}]}],"pricingModels":[{"variations":[{"groupId":"11556129","variationId":"37997668"}],"price":6992,"addonCombinations":[{"groupId":"78315744","addonId":"62385257"}]},{"variations":[{"groupId":"11556129","variationId":"37997670"}],"price":13050,"addonCombinations":[{"groupId":"78315744","addonId":"62385257"}]},{"variations":[{"groupId":"11556129","variationId":"37997673"}],"price":26102,"addonCombinations":[{"groupId":"78315743","addonId":"63191744"},{"groupId":"78315743","addonId":"63191745"},{"groupId":"78315743","addonId":"63191746"}]},{"variations":[{"groupId":"11556129","variationId":"37997679"}],"price":34958,"addonCombinations":[{"groupId":"78315743","addonId":"63191744"},{"groupId":"78315743","addonId":"63191745"},{"groupId":"78315743","addonId":"63191746"}]}]},"itemAttribute":{"vegClassifier":"VEG","portionSize":"Serves 1"},"defaultPrice":6992,"ribbon":{"text":"Bestseller","textColor":"#ffffff","topBackgroundColor":"#d53d4c","bottomBackgroundColor":"#b02331"},"showImage":true,"itemBadge":{},"badgesV2":{},"isBestseller":true,"ratings":{"aggregatedRating":{"rating":"4.5","ratingCount":"298 ratings","ratingCountV2":"298"}}},"analytics":{},"hideRestaurantDetails":true}},{"card":{"@type":"type.googleapis.com/swiggy.presentation.food.v2.Dish","info":{"id":"58994588","name":"Tender Coconut Ice Cream","category":"Round The Year","description":"Serves 1 | Naturals is a pioneer of the ‘Tender Coconut’ flavour in the country. As an original flavour from Naturals, it is a huge favourite among ice cream lovers. It’s made with real malai from tender coconuts that are sourced from Kerala and Karnataka. You just can’t have enough of this delicious flavour!\n\nEnergy (Kcal) :- 167,\nCarbohydrate (g):- 15,\nProtein (g):- 6,\nFats (g):- 11,\nAllergen Declaration:- May contain: Brazilnuts, Cashew, Hazelnuts, Pecans, Pistachio, Walnut, Peanut & Milk,\nServing size : 80 gm per person","imageId":"vdn9vl4z46isjynfeddf","inStock":1,"isVeg":1,"variants":{},"variantsV2":{"variantGroups":[{"groupId":"11556050","name":"Choose Size","variations":[{"name":"Single scoop cup","price":69.92,"default":1,"id":"37997319","isVeg":1,"isEnabled":1},{"name":"Double scoop cup","price":130.5,"id":"37997322","isVeg":1,"isEnabled":1},{"name":"Mini Pack 300 grams","price":261.02,"id":"37997328","isVeg":1,"isEnabled":1},{"name":"Family Pack 500 grams","price":349.58,"id":"37997331","inStock":1,"isVeg":1,"isEnabled":1}]}],"pricingModels":[{"variations":[{"groupId":"11556050","variationId":"37997319"}],"price":6992,"addonCombinations":[{"groupId":"77323560","addonId":"62385257"}]},{"variations":[{"groupId":"11556050","variationId":"37997322"}],"price":13050,"addonCombinations":[{"groupId":"77323560","addonId":"62385257"}]},{"variations":[{"groupId":"11556050","variationId":"37997328"}],"price":26102,"addonCombinations":[{"groupId":"78315702","addonId":"63191744"},{"groupId":"78315702","addonId":"63191745"},{"groupId":"78315702","addonId":"63191746"}]},{"variations":[{"groupId":"11556050","variationId":"37997331"}],"price":34958,"addonCombinations":[{"groupId":"78315702","addonId":"63191744"},{"groupId":"78315702","addonId":"63191745"},{"groupId":"78315702","addonId":"63191746"}]}]},"itemAttribute":{"vegClassifier":"VEG","portionSize":"Serves 1"},"defaultPrice":6992,"ribbon":{"text":"Bestseller","textColor":"#ffffff","topBackgroundColor":"#d53d4c","bottomBackgroundColor":"#b02331"},"showImage":true,"itemBadge":{},"badgesV2":{},"isBestseller":true,"ratings":{"aggregatedRating":{"rating":"4.6","ratingCount":"913 ratings","ratingCountV2":"913"}}},"analytics":{},"hideRestaurantDetails":true}},{"card":{"@type":"type.googleapis.com/swiggy.presentation.food.v2.Dish","info":{"id":"58994579","name":"Roasted Almond Ice Cream","category":"Round The Year","description":"Serves 1 | The almonds are sourced from California. But the inimitable taste of this delicious flavour is our very own! As the name suggests, the almonds are roasted and that’s how they lend a crispy and chunky feel to the ice cream. Indulgence, anyone?\r\n\r\nEnergy (Kcal) :- 191,\r\nCarbohydrate (g):- 16,\r\nProtein (g):- 8,\r\nFats (g):- 13,\r\nAllergen Declaration:- May contain: Brazilnuts, Cashew, Hazelnuts, Pecans, Pistachio, Walnut, Peanut & Milk,\r\nServing size : 80 gm per person","imageId":"ydltnftcqt6efqabascf","inStock":1,"isVeg":1,"variants":{},"variantsV2":{"variantGroups":[{"groupId":"11556054","name":"Choose Size","variations":[{"name":"Single scoop cup","price":69.92,"default":1,"id":"37997347","isVeg":1,"isEnabled":1},{"name":"Double scoop cup","price":130.5,"id":"37997349","isVeg":1,"isEnabled":1},{"name":"Mini Pack 300 grams","price":261.02,"id":"37997351","inStock":1,"isVeg":1,"isEnabled":1},{"name":"Family Pack 500 grams","price":349.58,"id":"37997353","inStock":1,"isVeg":1,"isEnabled":1}]}],"pricingModels":[{"variations":[{"groupId":"11556054","variationId":"37997347"}],"price":6992,"addonCombinations":[{"groupId":"78315710","addonId":"62385257"}]},{"variations":[{"groupId":"11556054","variationId":"37997349"}],"price":13050,"addonCombinations":[{"groupId":"78315710","addonId":"62385257"}]},{"variations":[{"groupId":"11556054","variationId":"37997351"}],"price":26102,"addonCombinations":[{"groupId":"78315708","addonId":"63191744"},{"groupId":"78315708","addonId":"63191745"},{"groupId":"78315708","addonId":"63191746"}]},{"variations":[{"groupId":"11556054","variationId":"37997353"}],"price":34958,"addonCombinations":[{"groupId":"78315708","addonId":"63191744"},{"groupId":"78315708","addonId":"63191745"},{"groupId":"78315708","addonId":"63191746"}]}]},"itemAttribute":{"vegClassifier":"VEG","portionSize":"Serves 1"},"defaultPrice":6992,"ribbon":{"text":"Bestseller","textColor":"#ffffff","topBackgroundColor":"#d53d4c","bottomBackgroundColor":"#b02331"},"showImage":true,"itemBadge":{},"badgesV2":{},"isBestseller":true,"ratings":{"aggregatedRating":{"rating":"4.3","ratingCount":"219 ratings","ratingCountV2":"219"}}},"analytics":{},"hideRestaurantDetails":true}},{"card":{"@type":"type.googleapis.com/swiggy.presentation.food.v2.Dish","info":{"id":"58994586","name":"Chocobite Ice Cream","category":"Round The Year","description":"Serves 1 | Have a weakness for chocolate? Then you’ll fall in love with our original Choco Bite ice cream. It’s made from coco mass sourced from Ghana. You’ll even find hand-cut chocolate chunks in this flavour, making it truly hard to resist.\r\n\r\nEnergy (Kcal) :- 200,\r\nCarbohydrate (g):- 18,\r\nProtein (g):- 6,\r\nFats (g):- 14,\r\nAllergen Declaration:- May contain: Brazilnuts, Cashew, Hazelnuts, Pecans, Pistachio, Walnut, Peanut & Milk,\r\nServing size : 80 gm per person","imageId":"sxmwen7xgfaqlbwojhij","inStock":1,"isVeg":1,"variants":{},"variantsV2":{"variantGroups":[{"groupId":"11556086","name":"Choose Size","variations":[{"name":"Single scoop cup","price":69.92,"default":1,"id":"37997489","isVeg":1,"isEnabled":1},{"name":"Double scoop cup","price":130.5,"id":"37997492","isVeg":1,"isEnabled":1},{"name":"Mini Pack 300 grams","price":261.02,"id":"37997495","inStock":1,"isVeg":1,"isEnabled":1},{"name":"Family Pack 500 grams","price":349.58,"id":"37997497","inStock":1,"isVeg":1,"isEnabled":1}]}],"pricingModels":[{"variations":[{"groupId":"11556086","variationId":"37997489"}],"price":6992,"addonCombinations":[{"groupId":"78315736","addonId":"62385257"}]},{"variations":[{"groupId":"11556086","variationId":"37997492"}],"price":13050,"addonCombinations":[{"groupId":"78315736","addonId":"62385257"}]},{"variations":[{"groupId":"11556086","variationId":"37997495"}],"price":26102,"addonCombinations":[{"groupId":"78315735","addonId":"63191744"},{"groupId":"78315735","addonId":"63191745"},{"groupId":"78315735","addonId":"63191746"}]},{"variations":[{"groupId":"11556086","variationId":"37997497"}],"price":34958,"addonCombinations":[{"groupId":"78315735","addonId":"63191744"},{"groupId":"78315735","addonId":"63191745"},{"groupId":"78315735","addonId":"63191746"}]}]},"itemAttribute":{"vegClassifier":"VEG","portionSize":"Serves 1"},"defaultPrice":6992,"ribbon":{"text":"Bestseller","textColor":"#ffffff","topBackgroundColor":"#d53d4c","bottomBackgroundColor":"#b02331"},"showImage":true,"itemBadge":{},"badgesV2":{},"isBestseller":true,"ratings":{"aggregatedRating":{"rating":"4.5","ratingCount":"308 ratings","ratingCountV2":"308"}}},"analytics":{},"hideRestaurantDetails":true}},{"card":{"@type":"type.googleapis.com/swiggy.presentation.food.v2.Dish","info":{"id":"58994581","name":"Coffee Walnut Ice Cream","category":"Round The Year","description":"Serves 1 | Coffee comes together with roasted walnuts to give you this unique flavour. It’s taste will stay with you long after the scoop has disappeared from your cup.\r\nEnergy (Kcal) :- 198,\r\nCarbohydrate (g):- 20,\r\nProtein (g):- 8,\r\nFats (g):- 12,\r\nAllergen Declaration:- May contain: Brazilnuts, Cashew, Hazelnuts, Pecans, Pistachio, Walnut, Peanut & Milk,\r\nServing size : 80 gm per person","imageId":"jahn80et7vte10bt2zt3","inStock":1,"isVeg":1,"variants":{},"variantsV2":{"variantGroups":[{"groupId":"24093451","name":"Choose Size","variations":[{"name":"Single scoop cup","price":69.92,"default":1,"id":"77734565","inStock":1,"isVeg":1,"isEnabled":1},{"name":"Double scoop cup","price":130.5,"id":"77734566","inStock":1,"isVeg":1,"isEnabled":1},{"name":"Mini Pack 300 grams","price":261.02,"id":"77734567","inStock":1,"isVeg":1,"isEnabled":1},{"name":"Family Pack 500 grams","price":349.58,"id":"77734568","inStock":1,"isVeg":1,"isEnabled":1}]}],"pricingModels":[{"variations":[{"groupId":"24093451","variationId":"77734565"}],"price":6992,"addonCombinations":[{"groupId":"78315742","addonId":"62385257"}]},{"variations":[{"groupId":"24093451","variationId":"77734566"}],"price":13050,"addonCombinations":[{"groupId":"78315742","addonId":"62385257"}]},{"variations":[{"groupId":"24093451","variationId":"77734567"}],"price":26102,"addonCombinations":[{"groupId":"78315741","addonId":"63191744"},{"groupId":"78315741","addonId":"63191745"},{"groupId":"78315741","addonId":"63191746"}]},{"variations":[{"groupId":"24093451","variationId":"77734568"}],"price":34958,"addonCombinations":[{"groupId":"78315741","addonId":"63191744"},{"groupId":"78315741","addonId":"63191745"},{"groupId":"78315741","addonId":"63191746"}]}]},"itemAttribute":{"vegClassifier":"VEG","portionSize":"Serves 1"},"defaultPrice":6992,"ribbon":{"text":"Bestseller","textColor":"#ffffff","topBackgroundColor":"#d53d4c","bottomBackgroundColor":"#b02331"},"showImage":true,"itemBadge":{},"badgesV2":{},"isBestseller":true,"ratings":{"aggregatedRating":{"rating":"4.6","ratingCount":"149 ratings","ratingCountV2":"149"}}},"analytics":{},"hideRestaurantDetails":true}},{"card":{"@type":"type.googleapis.com/swiggy.presentation.food.v2.Dish","info":{"id":"58994582","name":"Choco Almond Ice Cream","category":"Round The Year","description":"Serves 1 | Here’s a combination that will make your jaws drop. Firstly, we source coco mass all the way from Ghana. Then, chocolate paste and almonds are added to milk. The result? Our amazing Choco Almond ice cream!\r\n\r\nEnergy (Kcal) :- 176,\r\nCarbohydrate (g):- 18,\r\nProtein (g):- 7,\r\nFats (g):- 10,\r\nAllergen Declaration:- May contain: Brazilnuts, Cashew, Hazelnuts, Pecans, Pistachio, Walnut, Peanut & Milk,\r\nServing size : 80 gm per person","imageId":"6f694f56c88402cf9ddc33a41bb99109","inStock":1,"isVeg":1,"variants":{},"variantsV2":{"variantGroups":[{"groupId":"11556112","name":"Choose Size","variations":[{"name":"Single scoop cup","price":69.92,"default":1,"id":"37997602","isVeg":1,"isEnabled":1},{"name":"Double scoop cup","price":130.5,"id":"37997604","isVeg":1,"isEnabled":1},{"name":"Mini Pack 300 grams","price":261.02,"id":"37997609","inStock":1,"isVeg":1,"isEnabled":1},{"name":"Family Pack 500 grams","price":349.58,"id":"37997614","inStock":1,"isVeg":1,"isEnabled":1}]}],"pricingModels":[{"variations":[{"groupId":"11556112","variationId":"37997602"}],"price":6992,"addonCombinations":[{"groupId":"78315740","addonId":"62385257"}]},{"variations":[{"groupId":"11556112","variationId":"37997604"}],"price":13050,"addonCombinations":[{"groupId":"78315740","addonId":"62385257"}]},{"variations":[{"groupId":"11556112","variationId":"37997609"}],"price":26102,"addonCombinations":[{"groupId":"78315739","addonId":"63191744"},{"groupId":"78315739","addonId":"63191745"},{"groupId":"78315739","addonId":"63191746"}]},{"variations":[{"groupId":"11556112","variationId":"37997614"}],"price":34958,"addonCombinations":[{"groupId":"78315739","addonId":"63191744"},{"groupId":"78315739","addonId":"63191745"},{"groupId":"78315739","addonId":"63191746"}]}]},"itemAttribute":{"vegClassifier":"VEG","portionSize":"Serves 1"},"defaultPrice":6992,"ribbon":{"text":"Bestseller","textColor":"#ffffff","topBackgroundColor":"#d53d4c","bottomBackgroundColor":"#b02331"},"showImage":true,"itemBadge":{},"badgesV2":{},"isBestseller":true,"ratings":{"aggregatedRating":{"rating":"4.4","ratingCount":"122 ratings","ratingCountV2":"122"}}},"analytics":{},"hideRestaurantDetails":true}},{"card":{"@type":"type.googleapis.com/swiggy.presentation.food.v2.Dish","info":{"id":"58994584","name":"Anjeer Ice Cream","category":"Round The Year","description":"Serves 1 | Discover the subtle sweetness of dry figs in our original Anjeer ice cream. Figs sourced from Afghanistan lend their unique taste to this delicious flavour.\r\n\r\nEnergy (Kcal) :- 183,\r\nCarbohydrate (g):- 17,\r\nProtein (g):- 6,\r\nFats (g):- 12,\r\nAllergen Declaration:- May contain: Brazilnuts, Cashew, Hazelnuts, Pecans, Pistachio, Walnut, Peanut & Milk,\r\nServing size : 80 gm per person","imageId":"ad28xmotsbpzoz4zdr8n","inStock":1,"isVeg":1,"variants":{},"variantsV2":{"variantGroups":[{"groupId":"11556094","name":"Choose Size","variations":[{"name":"Single scoop cup","price":69.92,"default":1,"id":"37997524","inStock":1,"isVeg":1,"isEnabled":1},{"name":"Double scoop cup","price":130.5,"id":"37997526","inStock":1,"isVeg":1,"isEnabled":1},{"name":"Family Pack 500 grams","price":349.58,"id":"37997534","inStock":1,"isVeg":1,"isEnabled":1}]}],"pricingModels":[{"variations":[{"groupId":"11556094","variationId":"37997524"}],"price":6992,"addonCombinations":[{"groupId":"78315738","addonId":"62385257"}]},{"variations":[{"groupId":"11556094","variationId":"37997526"}],"price":13050,"addonCombinations":[{"groupId":"78315738","addonId":"62385257"}]},{"variations":[{"groupId":"11556094","variationId":"37997534"}],"price":34958,"addonCombinations":[{"groupId":"78315737","addonId":"63191744"},{"groupId":"78315737","addonId":"63191745"},{"groupId":"78315737","addonId":"63191746"}]}]},"itemAttribute":{"vegClassifier":"VEG","portionSize":"Serves 1"},"defaultPrice":6992,"ribbon":{"text":"Bestseller","textColor":"#ffffff","topBackgroundColor":"#d53d4c","bottomBackgroundColor":"#b02331"},"showImage":true,"itemBadge":{},"badgesV2":{},"isBestseller":true,"ratings":{"aggregatedRating":{"rating":"4.4","ratingCount":"170 ratings","ratingCountV2":"170"}}},"analytics":{},"hideRestaurantDetails":true}},{"card":{"@type":"type.googleapis.com/swiggy.presentation.food.v2.Dish","info":{"id":"76212021","name":"Kesar Pista Ice Cream","category":"Round The Year","description":"Serves 1 | Looking for a royal flavour to pamper yourself with? Look no further. Our Kesar Pista ice cream has Kesar from Kashmir and Pista from Iran. Time to give your ice cream cravings an exotic touch!\r\n\r\nEnergy (Kcal) :- 217,\r\nCarbohydrate (g):- 18,\r\nProtein (g):- 5,\r\nFats (g):- 17,\r\nAllergen Declaration:- May contain: Brazilnuts, Cashew, Hazelnuts, Pecans, Pistachio, Walnut, Peanut & Milk,\r\nServing size : 80 gm per person","imageId":"odcljqcyt8phokbz2inw","inStock":1,"isVeg":1,"variants":{},"variantsV2":{"variantGroups":[{"groupId":"11556067","name":"Choose Size","variations":[{"name":"Single scoop cup","price":69.92,"default":1,"id":"37997401","isVeg":1,"isEnabled":1},{"name":"Double scoop cup","price":130.5,"id":"37997404","isVeg":1,"isEnabled":1},{"name":"Mini Pack 300 grams","price":261.02,"id":"37997406","inStock":1,"isVeg":1,"isEnabled":1},{"name":"Family Pack 500 grams","price":349.58,"id":"37997420","inStock":1,"isVeg":1,"isEnabled":1}]}],"pricingModels":[{"variations":[{"groupId":"11556067","variationId":"37997401"}],"price":6992,"addonCombinations":[{"groupId":"78315722","addonId":"62385257"}]},{"variations":[{"groupId":"11556067","variationId":"37997404"}],"price":13050,"addonCombinations":[{"groupId":"78315722","addonId":"62385257"}]},{"variations":[{"groupId":"11556067","variationId":"37997406"}],"price":26102,"addonCombinations":[{"groupId":"78315721","addonId":"63191744"},{"groupId":"78315721","addonId":"63191745"},{"groupId":"78315721","addonId":"63191746"}]},{"variations":[{"groupId":"11556067","variationId":"37997420"}],"price":34958,"addonCombinations":[{"groupId":"78315721","addonId":"63191744"},{"groupId":"78315721","addonId":"63191745"},{"groupId":"78315721","addonId":"63191746"}]}]},"itemAttribute":{"vegClassifier":"VEG","portionSize":"Serves 1"},"defaultPrice":6992,"ribbon":{},"showImage":true,"itemBadge":{},"badgesV2":{},"ratings":{"aggregatedRating":{"rating":"4.4","ratingCount":"149 ratings","ratingCountV2":"149"}}},"analytics":{},"hideRestaurantDetails":true}}],"type":"CATEGORY_TYPE_RECOMMENDED","showOutsidePanel":true}}},{"card":{"card":{"@type":"type.googleapis.com/swiggy.presentation.food.v2.ItemCategory","title":"Seasonal","itemCards":[{"card":{"@type":"type.googleapis.com/swiggy.presentation.food.v2.Dish","info":{"id":"58994580","name":"Sitaphal Ice Cream","category":"Seasonal","description":"Serves 1 | This blockbuster flavour from Naturals is loved across the nation. This is why we go to great lengths to make this flavour, including sourcing the best Sitaphal from Saswad, Maharashtra. We’ve also innovated and self-engineered the machine used for the pulping of sitaphal. Because we know that you’ll go to great lengths as well to relish this flavour!\r\n\r\nEnergy (Kcal) :- 155,\r\nCarbohydrate (g):- 21,\r\nProtein (g):- 4,\r\nFats (g):- 10,\r\nAllergen Declaration:- May contain: Brazilnuts, Cashew, Hazelnuts, Pecans, Pistachio, Walnut, Peanut & Milk,\r\nServing size : 80 gm per person","imageId":"edcb4ec51392bc498444f761df930a9b","inStock":1,"isVeg":1,"variants":{},"variantsV2":{"variantGroups":[{"groupId":"29520865","name":"Choose Size","variations":[{"name":"Single scoop cup","price":69.92,"default":1,"id":"92408723","isVeg":1,"isEnabled":1},{"name":"Double scoop cup","price":130.5,"id":"92408724","isVeg":1,"isEnabled":1},{"name":"Mini Pack 300 grams","price":261.02,"id":"92408725","isVeg":1,"isEnabled":1},{"name":"Family Pack 500 grams","price":349.58,"id":"92408726","inStock":1,"isVeg":1,"isEnabled":1}]}],"pricingModels":[{"variations":[{"groupId":"29520865","variationId":"92408723"}],"price":6992,"addonCombinations":[{"groupId":"98206283","addonId":"62385257"}]},{"variations":[{"groupId":"29520865","variationId":"92408724"}],"price":13050,"addonCombinations":[{"groupId":"98206283","addonId":"62385257"}]},{"variations":[{"groupId":"29520865","variationId":"92408725"}],"price":26102,"addonCombinations":[{"groupId":"98206282","addonId":"63191744"},{"groupId":"98206282","addonId":"63191745"},{"groupId":"98206282","addonId":"63191746"}]},{"variations":[{"groupId":"29520865","variationId":"92408726"}],"price":34958,"addonCombinations":[{"groupId":"98206282","addonId":"63191744"},{"groupId":"98206282","addonId":"63191745"},{"groupId":"98206282","addonId":"63191746"}]}]},"itemAttribute":{"vegClassifier":"VEG","portionSize":"Serves 1"},"defaultPrice":6992,"ribbon":{"text":"Bestseller","textColor":"#ffffff","topBackgroundColor":"#d53d4c","bottomBackgroundColor":"#b02331"},"type":"ITEM","itemBadge":{},"badgesV2":{},"isBestseller":true,"ratings":{"aggregatedRating":{"rating":"4.6","ratingCount":"278 ratings","ratingCountV2":"278"}}},"analytics":{},"hideRestaurantDetails":true}},{"card":{"@type":"type.googleapis.com/swiggy.presentation.food.v2.Dish","info":{"id":"58994587","name":"Mango (Medium Fat) Ice Cream","category":"Seasonal","description":"Serves 1 | We’ve taken the king of fruits and created an ice cream flavour that rules! Our mango ice cream is made from hand-picked Alphonso mangoes sourced from Ratnagiri. This flavour is every mango lover’s fantasy come true.\r\n\r\nEnergy (Kcal) :- 149,\r\nCarbohydrate (g):- 17,\r\nProtein (g):- 5,\r\nFats (g):- 8,\r\nAllergen Declaration:- May contain: Brazilnuts, Cashew, Hazelnuts, Pecans, Pistachio, Walnut, Peanut & Milk,\r\nServing size : 80 gm per person\r\n\r\n\r\n\r\n\r\n\r\n\r\n\r\n \r\n\r\n\r\n\r\n\r\n","imageId":"40a593e5fcb77b2a7c7750d41d3dc621","inStock":1,"isVeg":1,"variants":{},"variantsV2":{"variantGroups":[{"groupId":"11556129","name":"Choose Size","variations":[{"name":"Single scoop cup","price":69.92,"default":1,"id":"37997668","isVeg":1,"isEnabled":1},{"name":"Double scoop cup","price":130.5,"id":"37997670","isVeg":1,"isEnabled":1},{"name":"Mini Pack 300 grams","price":261.02,"id":"37997673","isVeg":1,"isEnabled":1},{"name":"Family Pack 500 grams","price":349.58,"id":"37997679","inStock":1,"isVeg":1,"isEnabled":1}]}],"pricingModels":[{"variations":[{"groupId":"11556129","variationId":"37997668"}],"price":6992,"addonCombinations":[{"groupId":"78315744","addonId":"62385257"}]},{"variations":[{"groupId":"11556129","variationId":"37997670"}],"price":13050,"addonCombinations":[{"groupId":"78315744","addonId":"62385257"}]},{"variations":[{"groupId":"11556129","variationId":"37997673"}],"price":26102,"addonCombinations":[{"groupId":"78315743","addonId":"63191744"},{"groupId":"78315743","addonId":"63191745"},{"groupId":"78315743","addonId":"63191746"}]},{"variations":[{"groupId":"11556129","variationId":"37997679"}],"price":34958,"addonCombinations":[{"groupId":"78315743","addonId":"63191744"},{"groupId":"78315743","addonId":"63191745"},{"groupId":"78315743","addonId":"63191746"}]}]},"itemAttribute":{"vegClassifier":"VEG","portionSize":"Serves 1"},"defaultPrice":6992,"ribbon":{"text":"Bestseller","textColor":"#ffffff","topBackgroundColor":"#d53d4c","bottomBackgroundColor":"#b02331"},"type":"ITEM","itemBadge":{},"badgesV2":{},"isBestseller":true,"ratings":{"aggregatedRating":{"rating":"4.5","ratingCount":"298 ratings","ratingCountV2":"298"}}},"analytics":{},"hideRestaurantDetails":true}}]}}},{"card":{"card":{"@type":"type.googleapis.com/swiggy.presentation.food.v2.ItemCategory","title":"Friday Funday Flavour (New Attraction)","itemCards":[{"card":{"@type":"type.googleapis.com/swiggy.presentation.food.v2.Dish","info":{"id":"105678620","name":"Orange Pistachio (Medium Fat) Ice Cream","category":"Friday Funday Flavour (New Attraction)","description":"Serves 1 | Orange Pistachio is inspired by the nostalgic taste of orange barfi which is loved by all. This flavour also has a Turkish influence, since orange and pista is a combination used for making Turkish delights. Naturals has launched the Orange Pistachio ice cream, which has an international yet desi twist. Pulpy, zesty orange bites compliment the nutty, roasted pistachios in this unique flavour!\r\n\r\nEnergy (Kcal) :- 167,\r\nCarbohydrate (g):- 21,\r\nProtein (g):- 5,\r\nFats (g):- 9,\r\nAllergen Declaration:- May contain: Brazilnuts, Cashew, Hazelnuts, Pecans, Pistachio, Walnut, Peanut & Milk,\r\nServing size : 80 gm per person","imageId":"f4a07ff58a37cd4ec76d8e7b1a4a4bf0","inStock":1,"isVeg":1,"variants":{},"variantsV2":{"variantGroups":[{"groupId":"22450333","name":"Choose Size","variations":[{"name":"Single scoop cup","price":79.24,"default":1,"id":"73311672","inStock":1,"isVeg":1,"isEnabled":1},{"name":"Double scoop cup","price":149.16,"id":"73311673","inStock":1,"isVeg":1,"isEnabled":1},{"name":"Family Pack 500 grams","price":396.19,"id":"73311674","inStock":1,"isVeg":1,"isEnabled":1}]}],"pricingModels":[{"variations":[{"groupId":"22450333","variationId":"73311672"}],"price":7924,"addonCombinations":[{"groupId":"78315776","addonId":"62385257"}]},{"variations":[{"groupId":"22450333","variationId":"73311673"}],"price":14916,"addonCombinations":[{"groupId":"78315776","addonId":"62385257"}]},{"variations":[{"groupId":"22450333","variationId":"73311674"}],"price":39619,"addonCombinations":[{"groupId":"78315775","addonId":"63191744"},{"groupId":"78315775","addonId":"63191745"},{"groupId":"78315775","addonId":"63191746"}]}]},"itemAttribute":{"vegClassifier":"VEG","portionSize":"Serves 1"},"defaultPrice":7924,"ribbon":{"text":"Bestseller","textColor":"#ffffff","topBackgroundColor":"#d53d4c","bottomBackgroundColor":"#b02331"},"type":"ITEM","itemBadge":{},"badgesV2":{},"isBestseller":true,"ratings":{"aggregatedRating":{"rating":"4.3","ratingCount":"30 ratings","ratingCountV2":"30"}}},"analytics":{},"hideRestaurantDetails":true}},{"card":{"@type":"type.googleapis.com/swiggy.presentation.food.v2.Dish","info":{"id":"107481068","name":"Butterscotch Ice Cream","category":"Friday Funday Flavour (New Attraction)","description":"Energy (Kcal) :- 118,\r\nCarbohydrate (g):- 19,\r\nProtein (g):- 5,\r\nFats (g):- 10,\r\nAllergen Declaration:- May contain: Brazilnuts, Cashew, Hazelnuts, Pecans, Pistachio, Walnut, Peanut & Milk,\r\nServing size : 80 gm per person","imageId":"53fe58ff32bcad32f97289141ecbdd99","inStock":1,"isVeg":1,"variants":{},"variantsV2":{"variantGroups":[{"groupId":"23361277","name":"Choose Size","variations":[{"name":"Single scoop cup","price":69.92,"default":1,"id":"76094033","inStock":1,"isVeg":1,"isEnabled":1},{"name":"Double scoop cup","price":130.5,"id":"76094034","inStock":1,"isVeg":1,"isEnabled":1},{"name":"Family Pack 500 grams","price":349.58,"id":"76094035","inStock":1,"isVeg":1,"isEnabled":1}]}],"pricingModels":[{"variations":[{"groupId":"23361277","variationId":"76094033"}],"price":6992,"addonCombinations":[{"groupId":"78315778","addonId":"62385257"}]},{"variations":[{"groupId":"23361277","variationId":"76094034"}],"price":13050,"addonCombinations":[{"groupId":"78315778","addonId":"62385257"}]},{"variations":[{"groupId":"23361277","variationId":"76094035"}],"price":34958,"addonCombinations":[{"groupId":"78315777","addonId":"63191744"},{"groupId":"78315777","addonId":"63191745"},{"groupId":"78315777","addonId":"63191746"}]}]},"itemAttribute":{"vegClassifier":"VEG"},"defaultPrice":6992,"ribbon":{},"type":"ITEM","itemBadge":{},"badgesV2":{},"ratings":{"aggregatedRating":{"rating":"4.3","ratingCount":"27 ratings","ratingCountV2":"27"}}},"analytics":{},"hideRestaurantDetails":true}},{"card":{"@type":"type.googleapis.com/swiggy.presentation.food.v2.Dish","info":{"id":"120906404","name":"@ Rose Walnut Ice Cream","category":"Friday Funday Flavour (New Attraction)","description":"Serves 1 | An exotic dessert made from Rose Petals sourced from Rajasthan. Roasted walnuts add to the rich and heavenly taste. This treat is a perfect reward after a long day at work!\r\n\r\nEnergy (Kcal) :- 208,\r\nCarbohydrate (g):- 31,\r\nProtein (g):- 6,\r\nFats (g):- 9,\r\nAllergen Declaration:- May contain: Brazilnuts, Cashew, Hazelnuts, Pecans, Pistachio, Walnut, Peanut & Milk,\r\nServing size : 80 gm per person","imageId":"ea7e80c19309af060de78a08c505ee2e","inStock":1,"isVeg":1,"variants":{},"variantsV2":{"variantGroups":[{"groupId":"30189489","name":"Choose Size","variations":[{"name":"Single scoop cup","price":69.92,"default":1,"id":"94134647","inStock":1,"isVeg":1,"isEnabled":1},{"name":"Double scoop cup","price":130.5,"id":"94134648","inStock":1,"isVeg":1,"isEnabled":1},{"name":"Family Pack 500 grams","price":349.58,"id":"94134649","inStock":1,"isVeg":1,"isEnabled":1}]}],"pricingModels":[{"variations":[{"groupId":"30189489","variationId":"94134647"}],"price":6992,"addonCombinations":[{"groupId":"101433993","addonId":"62385257"}]},{"variations":[{"groupId":"30189489","variationId":"94134648"}],"price":13050,"addonCombinations":[{"groupId":"101433993","addonId":"62385257"}]},{"variations":[{"groupId":"30189489","variationId":"94134649"}],"price":34958,"addonCombinations":[{"groupId":"101433991","addonId":"63191744"},{"groupId":"101433991","addonId":"63191745"},{"groupId":"101433991","addonId":"63191746"}]}]},"itemAttribute":{"vegClassifier":"VEG","portionSize":"Serves 1"},"defaultPrice":6992,"ribbon":{},"type":"ITEM","itemBadge":{},"badgesV2":{},"ratings":{"aggregatedRating":{"rating":"4.0","ratingCount":"4 ratings","ratingCountV2":"4"}}},"analytics":{},"hideRestaurantDetails":true}}]}}},{"card":{"card":{"@type":"type.googleapis.com/swiggy.presentation.food.v2.ItemCategory","title":"Round The Year","itemCards":[{"card":{"@type":"type.googleapis.com/swiggy.presentation.food.v2.Dish","info":{"id":"58994588","name":"Tender Coconut Ice Cream","category":"Round The Year","description":"Serves 1 | Naturals is a pioneer of the ‘Tender Coconut’ flavour in the country. As an original flavour from Naturals, it is a huge favourite among ice cream lovers. It’s made with real malai from tender coconuts that are sourced from Kerala and Karnataka. You just can’t have enough of this delicious flavour!\n\nEnergy (Kcal) :- 167,\nCarbohydrate (g):- 15,\nProtein (g):- 6,\nFats (g):- 11,\nAllergen Declaration:- May contain: Brazilnuts, Cashew, Hazelnuts, Pecans, Pistachio, Walnut, Peanut & Milk,\nServing size : 80 gm per person","imageId":"vdn9vl4z46isjynfeddf","inStock":1,"isVeg":1,"variants":{},"variantsV2":{"variantGroups":[{"groupId":"11556050","name":"Choose Size","variations":[{"name":"Single scoop cup","price":69.92,"default":1,"id":"37997319","isVeg":1,"isEnabled":1},{"name":"Double scoop cup","price":130.5,"id":"37997322","isVeg":1,"isEnabled":1},{"name":"Mini Pack 300 grams","price":261.02,"id":"37997328","isVeg":1,"isEnabled":1},{"name":"Family Pack 500 grams","price":349.58,"id":"37997331","inStock":1,"isVeg":1,"isEnabled":1}]}],"pricingModels":[{"variations":[{"groupId":"11556050","variationId":"37997319"}],"price":6992,"addonCombinations":[{"groupId":"77323560","addonId":"62385257"}]},{"variations":[{"groupId":"11556050","variationId":"37997322"}],"price":13050,"addonCombinations":[{"groupId":"77323560","addonId":"62385257"}]},{"variations":[{"groupId":"11556050","variationId":"37997328"}],"price":26102,"addonCombinations":[{"groupId":"78315702","addonId":"63191744"},{"groupId":"78315702","addonId":"63191745"},{"groupId":"78315702","addonId":"63191746"}]},{"variations":[{"groupId":"11556050","variationId":"37997331"}],"price":34958,"addonCombinations":[{"groupId":"78315702","addonId":"63191744"},{"groupId":"78315702","addonId":"63191745"},{"groupId":"78315702","addonId":"63191746"}]}]},"itemAttribute":{"vegClassifier":"VEG","portionSize":"Serves 1"},"defaultPrice":6992,"ribbon":{"text":"Bestseller","textColor":"#ffffff","topBackgroundColor":"#d53d4c","bottomBackgroundColor":"#b02331"},"type":"ITEM","itemBadge":{},"badgesV2":{},"isBestseller":true,"ratings":{"aggregatedRating":{"rating":"4.6","ratingCount":"913 ratings","ratingCountV2":"913"}}},"analytics":{},"hideRestaurantDetails":true}},{"card":{"@type":"type.googleapis.com/swiggy.presentation.food.v2.Dish","info":{"id":"58994579","name":"Roasted Almond Ice Cream","category":"Round The Year","description":"Serves 1 | The almonds are sourced from California. But the inimitable taste of this delicious flavour is our very own! As the name suggests, the almonds are roasted and that’s how they lend a crispy and chunky feel to the ice cream. Indulgence, anyone?\r\n\r\nEnergy (Kcal) :- 191,\r\nCarbohydrate (g):- 16,\r\nProtein (g):- 8,\r\nFats (g):- 13,\r\nAllergen Declaration:- May contain: Brazilnuts, Cashew, Hazelnuts, Pecans, Pistachio, Walnut, Peanut & Milk,\r\nServing size : 80 gm per person","imageId":"ydltnftcqt6efqabascf","inStock":1,"isVeg":1,"variants":{},"variantsV2":{"variantGroups":[{"groupId":"11556054","name":"Choose Size","variations":[{"name":"Single scoop cup","price":69.92,"default":1,"id":"37997347","isVeg":1,"isEnabled":1},{"name":"Double scoop cup","price":130.5,"id":"37997349","isVeg":1,"isEnabled":1},{"name":"Mini Pack 300 grams","price":261.02,"id":"37997351","inStock":1,"isVeg":1,"isEnabled":1},{"name":"Family Pack 500 grams","price":349.58,"id":"37997353","inStock":1,"isVeg":1,"isEnabled":1}]}],"pricingModels":[{"variations":[{"groupId":"11556054","variationId":"37997347"}],"price":6992,"addonCombinations":[{"groupId":"78315710","addonId":"62385257"}]},{"variations":[{"groupId":"11556054","variationId":"37997349"}],"price":13050,"addonCombinations":[{"groupId":"78315710","addonId":"62385257"}]},{"variations":[{"groupId":"11556054","variationId":"37997351"}],"price":26102,"addonCombinations":[{"groupId":"78315708","addonId":"63191744"},{"groupId":"78315708","addonId":"63191745"},{"groupId":"78315708","addonId":"63191746"}]},{"variations":[{"groupId":"11556054","variationId":"37997353"}],"price":34958,"addonCombinations":[{"groupId":"78315708","addonId":"63191744"},{"groupId":"78315708","addonId":"63191745"},{"groupId":"78315708","addonId":"63191746"}]}]},"itemAttribute":{"vegClassifier":"VEG","portionSize":"Serves 1"},"defaultPrice":6992,"ribbon":{"text":"Bestseller","textColor":"#ffffff","topBackgroundColor":"#d53d4c","bottomBackgroundColor":"#b02331"},"type":"ITEM","itemBadge":{},"badgesV2":{},"isBestseller":true,"ratings":{"aggregatedRating":{"rating":"4.3","ratingCount":"219 ratings","ratingCountV2":"219"}}},"analytics":{},"hideRestaurantDetails":true}},{"card":{"@type":"type.googleapis.com/swiggy.presentation.food.v2.Dish","info":{"id":"58994586","name":"Chocobite Ice Cream","category":"Round The Year","description":"Serves 1 | Have a weakness for chocolate? Then you’ll fall in love with our original Choco Bite ice cream. It’s made from coco mass sourced from Ghana. You’ll even find hand-cut chocolate chunks in this flavour, making it truly hard to resist.\r\n\r\nEnergy (Kcal) :- 200,\r\nCarbohydrate (g):- 18,\r\nProtein (g):- 6,\r\nFats (g):- 14,\r\nAllergen Declaration:- May contain: Brazilnuts, Cashew, Hazelnuts, Pecans, Pistachio, Walnut, Peanut & Milk,\r\nServing size : 80 gm per person","imageId":"sxmwen7xgfaqlbwojhij","inStock":1,"isVeg":1,"variants":{},"variantsV2":{"variantGroups":[{"groupId":"11556086","name":"Choose Size","variations":[{"name":"Single scoop cup","price":69.92,"default":1,"id":"37997489","isVeg":1,"isEnabled":1},{"name":"Double scoop cup","price":130.5,"id":"37997492","isVeg":1,"isEnabled":1},{"name":"Mini Pack 300 grams","price":261.02,"id":"37997495","inStock":1,"isVeg":1,"isEnabled":1},{"name":"Family Pack 500 grams","price":349.58,"id":"37997497","inStock":1,"isVeg":1,"isEnabled":1}]}],"pricingModels":[{"variations":[{"groupId":"11556086","variationId":"37997489"}],"price":6992,"addonCombinations":[{"groupId":"78315736","addonId":"62385257"}]},{"variations":[{"groupId":"11556086","variationId":"37997492"}],"price":13050,"addonCombinations":[{"groupId":"78315736","addonId":"62385257"}]},{"variations":[{"groupId":"11556086","variationId":"37997495"}],"price":26102,"addonCombinations":[{"groupId":"78315735","addonId":"63191744"},{"groupId":"78315735","addonId":"63191745"},{"groupId":"78315735","addonId":"63191746"}]},{"variations":[{"groupId":"11556086","variationId":"37997497"}],"price":34958,"addonCombinations":[{"groupId":"78315735","addonId":"63191744"},{"groupId":"78315735","addonId":"63191745"},{"groupId":"78315735","addonId":"63191746"}]}]},"itemAttribute":{"vegClassifier":"VEG","portionSize":"Serves 1"},"defaultPrice":6992,"ribbon":{"text":"Bestseller","textColor":"#ffffff","topBackgroundColor":"#d53d4c","bottomBackgroundColor":"#b02331"},"type":"ITEM","itemBadge":{},"badgesV2":{},"isBestseller":true,"ratings":{"aggregatedRating":{"rating":"4.5","ratingCount":"308 ratings","ratingCountV2":"308"}}},"analytics":{},"hideRestaurantDetails":true}},{"card":{"@type":"type.googleapis.com/swiggy.presentation.food.v2.Dish","info":{"id":"58994581","name":"Coffee Walnut Ice Cream","category":"Round The Year","description":"Serves 1 | Coffee comes together with roasted walnuts to give you this unique flavour. It’s taste will stay with you long after the scoop has disappeared from your cup.\r\nEnergy (Kcal) :- 198,\r\nCarbohydrate (g):- 20,\r\nProtein (g):- 8,\r\nFats (g):- 12,\r\nAllergen Declaration:- May contain: Brazilnuts, Cashew, Hazelnuts, Pecans, Pistachio, Walnut, Peanut & Milk,\r\nServing size : 80 gm per person","imageId":"jahn80et7vte10bt2zt3","inStock":1,"isVeg":1,"variants":{},"variantsV2":{"variantGroups":[{"groupId":"24093451","name":"Choose Size","variations":[{"name":"Single scoop cup","price":69.92,"default":1,"id":"77734565","inStock":1,"isVeg":1,"isEnabled":1},{"name":"Double scoop cup","price":130.5,"id":"77734566","inStock":1,"isVeg":1,"isEnabled":1},{"name":"Mini Pack 300 grams","price":261.02,"id":"77734567","inStock":1,"isVeg":1,"isEnabled":1},{"name":"Family Pack 500 grams","price":349.58,"id":"77734568","inStock":1,"isVeg":1,"isEnabled":1}]}],"pricingModels":[{"variations":[{"groupId":"24093451","variationId":"77734565"}],"price":6992,"addonCombinations":[{"groupId":"78315742","addonId":"62385257"}]},{"variations":[{"groupId":"24093451","variationId":"77734566"}],"price":13050,"addonCombinations":[{"groupId":"78315742","addonId":"62385257"}]},{"variations":[{"groupId":"24093451","variationId":"77734567"}],"price":26102,"addonCombinations":[{"groupId":"78315741","addonId":"63191744"},{"groupId":"78315741","addonId":"63191745"},{"groupId":"78315741","addonId":"63191746"}]},{"variations":[{"groupId":"24093451","variationId":"77734568"}],"price":34958,"addonCombinations":[{"groupId":"78315741","addonId":"63191744"},{"groupId":"78315741","addonId":"63191745"},{"groupId":"78315741","addonId":"63191746"}]}]},"itemAttribute":{"vegClassifier":"VEG","portionSize":"Serves 1"},"defaultPrice":6992,"ribbon":{"text":"Bestseller","textColor":"#ffffff","topBackgroundColor":"#d53d4c","bottomBackgroundColor":"#b02331"},"type":"ITEM","itemBadge":{},"badgesV2":{},"isBestseller":true,"ratings":{"aggregatedRating":{"rating":"4.6","ratingCount":"149 ratings","ratingCountV2":"149"}}},"analytics":{},"hideRestaurantDetails":true}},{"card":{"@type":"type.googleapis.com/swiggy.presentation.food.v2.Dish","info":{"id":"58994582","name":"Choco Almond Ice Cream","category":"Round The Year","description":"Serves 1 | Here’s a combination that will make your jaws drop. Firstly, we source coco mass all the way from Ghana. Then, chocolate paste and almonds are added to milk. The result? Our amazing Choco Almond ice cream!\r\n\r\nEnergy (Kcal) :- 176,\r\nCarbohydrate (g):- 18,\r\nProtein (g):- 7,\r\nFats (g):- 10,\r\nAllergen Declaration:- May contain: Brazilnuts, Cashew, Hazelnuts, Pecans, Pistachio, Walnut, Peanut & Milk,\r\nServing size : 80 gm per person","imageId":"6f694f56c88402cf9ddc33a41bb99109","inStock":1,"isVeg":1,"variants":{},"variantsV2":{"variantGroups":[{"groupId":"11556112","name":"Choose Size","variations":[{"name":"Single scoop cup","price":69.92,"default":1,"id":"37997602","isVeg":1,"isEnabled":1},{"name":"Double scoop cup","price":130.5,"id":"37997604","isVeg":1,"isEnabled":1},{"name":"Mini Pack 300 grams","price":261.02,"id":"37997609","inStock":1,"isVeg":1,"isEnabled":1},{"name":"Family Pack 500 grams","price":349.58,"id":"37997614","inStock":1,"isVeg":1,"isEnabled":1}]}],"pricingModels":[{"variations":[{"groupId":"11556112","variationId":"37997602"}],"price":6992,"addonCombinations":[{"groupId":"78315740","addonId":"62385257"}]},{"variations":[{"groupId":"11556112","variationId":"37997604"}],"price":13050,"addonCombinations":[{"groupId":"78315740","addonId":"62385257"}]},{"variations":[{"groupId":"11556112","variationId":"37997609"}],"price":26102,"addonCombinations":[{"groupId":"78315739","addonId":"63191744"},{"groupId":"78315739","addonId":"63191745"},{"groupId":"78315739","addonId":"63191746"}]},{"variations":[{"groupId":"11556112","variationId":"37997614"}],"price":34958,"addonCombinations":[{"groupId":"78315739","addonId":"63191744"},{"groupId":"78315739","addonId":"63191745"},{"groupId":"78315739","addonId":"63191746"}]}]},"itemAttribute":{"vegClassifier":"VEG","portionSize":"Serves 1"},"defaultPrice":6992,"ribbon":{"text":"Bestseller","textColor":"#ffffff","topBackgroundColor":"#d53d4c","bottomBackgroundColor":"#b02331"},"type":"ITEM","itemBadge":{},"badgesV2":{},"isBestseller":true,"ratings":{"aggregatedRating":{"rating":"4.4","ratingCount":"122 ratings","ratingCountV2":"122"}}},"analytics":{},"hideRestaurantDetails":true}},{"card":{"@type":"type.googleapis.com/swiggy.presentation.food.v2.Dish","info":{"id":"58994584","name":"Anjeer Ice Cream","category":"Round The Year","description":"Serves 1 | Discover the subtle sweetness of dry figs in our original Anjeer ice cream. Figs sourced from Afghanistan lend their unique taste to this delicious flavour.\r\n\r\nEnergy (Kcal) :- 183,\r\nCarbohydrate (g):- 17,\r\nProtein (g):- 6,\r\nFats (g):- 12,\r\nAllergen Declaration:- May contain: Brazilnuts, Cashew, Hazelnuts, Pecans, Pistachio, Walnut, Peanut & Milk,\r\nServing size : 80 gm per person","imageId":"ad28xmotsbpzoz4zdr8n","inStock":1,"isVeg":1,"variants":{},"variantsV2":{"variantGroups":[{"groupId":"11556094","name":"Choose Size","variations":[{"name":"Single scoop cup","price":69.92,"default":1,"id":"37997524","inStock":1,"isVeg":1,"isEnabled":1},{"name":"Double scoop cup","price":130.5,"id":"37997526","inStock":1,"isVeg":1,"isEnabled":1},{"name":"Family Pack 500 grams","price":349.58,"id":"37997534","inStock":1,"isVeg":1,"isEnabled":1}]}],"pricingModels":[{"variations":[{"groupId":"11556094","variationId":"37997524"}],"price":6992,"addonCombinations":[{"groupId":"78315738","addonId":"62385257"}]},{"variations":[{"groupId":"11556094","variationId":"37997526"}],"price":13050,"addonCombinations":[{"groupId":"78315738","addonId":"62385257"}]},{"variations":[{"groupId":"11556094","variationId":"37997534"}],"price":34958,"addonCombinations":[{"groupId":"78315737","addonId":"63191744"},{"groupId":"78315737","addonId":"63191745"},{"groupId":"78315737","addonId":"63191746"}]}]},"itemAttribute":{"vegClassifier":"VEG","portionSize":"Serves 1"},"defaultPrice":6992,"ribbon":{"text":"Bestseller","textColor":"#ffffff","topBackgroundColor":"#d53d4c","bottomBackgroundColor":"#b02331"},"type":"ITEM","itemBadge":{},"badgesV2":{},"isBestseller":true,"ratings":{"aggregatedRating":{"rating":"4.4","ratingCount":"170 ratings","ratingCountV2":"170"}}},"analytics":{},"hideRestaurantDetails":true}},{"card":{"@type":"type.googleapis.com/swiggy.presentation.food.v2.Dish","info":{"id":"58994585","name":"Malai Ice Cream","category":"Round The Year","description":"Serves 1 | This classic and timeless flavour from Naturals will surprise you every time you lay your hands on it. It’s made from just milk and sugar, but the result is magical! The Malai ice cream is also a perfect base for making sundaes or other such dishes. It’s bound to make your cooking experiments at home a resounding success.\r\n\r\nEnergy (Kcal) :- 220,\r\nCarbohydrate (g):- 17,\r\nProtein (g):- 7,\r\nFats (g):- 17,\r\nAllergen Declaration:- May contain: Brazilnuts, Cashew, Hazelnuts, Pecans, Pistachio, Walnut, Peanut & Milk,\r\nServing size : 80 gm per person","imageId":"zelonc2dde5jhd4dvyue","inStock":1,"isVeg":1,"variants":{},"variantsV2":{"variantGroups":[{"groupId":"11556080","name":"Choose Size","variations":[{"name":"Single scoop cup","price":69.92,"default":1,"id":"37997461","inStock":1,"isVeg":1,"isEnabled":1},{"name":"Double scoop cup","price":130.5,"id":"37997463","inStock":1,"isVeg":1,"isEnabled":1},{"name":"Family Pack 500 grams","price":349.58,"id":"37997466","inStock":1,"isVeg":1,"isEnabled":1}]}],"pricingModels":[{"variations":[{"groupId":"11556080","variationId":"37997461"}],"price":6992,"addonCombinations":[{"groupId":"78315732","addonId":"62385257"}]},{"variations":[{"groupId":"11556080","variationId":"37997463"}],"price":13050,"addonCombinations":[{"groupId":"78315732","addonId":"62385257"}]},{"variations":[{"groupId":"11556080","variationId":"37997466"}],"price":34958,"addonCombinations":[{"groupId":"78315731","addonId":"63191744"},{"groupId":"78315731","addonId":"63191745"},{"groupId":"78315731","addonId":"63191746"}]}]},"itemAttribute":{"vegClassifier":"VEG","portionSize":"Serves 1"},"defaultPrice":6992,"ribbon":{},"type":"ITEM","itemBadge":{},"badgesV2":{},"ratings":{"aggregatedRating":{"rating":"4.0","ratingCount":"104 ratings","ratingCountV2":"104"}}},"analytics":{},"hideRestaurantDetails":true}},{"card":{"@type":"type.googleapis.com/swiggy.presentation.food.v2.Dish","info":{"id":"58994589","name":"Chickoo Ice Cream","category":"Round The Year","description":"Serves 1 | Say hello to this sweet temptation! Our mouth-watering chickoo ice cream is made from chickoos sourced from Gholvad, Maharashtra. Try it for yourself today and you’ll be a chickoo ice cream fan in no time!\r\n\r\nEnergy (Kcal) :- 167,\r\nCarbohydrate (g):- 15,\r\nProtein (g):- 6,\r\nFats (g):- 11,\r\nAllergen Declaration:- May contain: Brazilnuts, Cashew, Hazelnuts, Pecans, Pistachio, Walnut, Peanut & Milk,\r\nServing size : 80 gm per person","imageId":"a3ca176bc647bc970c687971d20b3478","inStock":1,"isVeg":1,"variants":{},"variantsV2":{"variantGroups":[{"groupId":"11556064","name":"Choose Size","variations":[{"name":"Single scoop cup","price":69.92,"default":1,"id":"37997390","inStock":1,"isVeg":1,"isEnabled":1},{"name":"Double scoop cup","price":130.5,"id":"37997391","inStock":1,"isVeg":1,"isEnabled":1},{"name":"Family Pack 500 grams","price":349.58,"id":"37997393","inStock":1,"isVeg":1,"isEnabled":1}]}],"pricingModels":[{"variations":[{"groupId":"11556064","variationId":"37997390"}],"price":6992,"addonCombinations":[{"groupId":"78315717","addonId":"62385257"}]},{"variations":[{"groupId":"11556064","variationId":"37997391"}],"price":13050,"addonCombinations":[{"groupId":"78315717","addonId":"62385257"}]},{"variations":[{"groupId":"11556064","variationId":"37997393"}],"price":34958,"addonCombinations":[{"groupId":"78315715","addonId":"63191744"},{"groupId":"78315715","addonId":"63191745"},{"groupId":"78315715","addonId":"63191746"}]}]},"itemAttribute":{"vegClassifier":"VEG","portionSize":"Serves 1"},"defaultPrice":6992,"ribbon":{},"type":"ITEM","itemBadge":{},"badgesV2":{},"ratings":{"aggregatedRating":{"rating":"4.6","ratingCount":"87 ratings","ratingCountV2":"87"}}},"analytics":{},"hideRestaurantDetails":true}},{"card":{"@type":"type.googleapis.com/swiggy.presentation.food.v2.Dish","info":{"id":"58994590","name":"Kaju Kismis Ice Cream","category":"Round The Year","description":"Serves 1 | Good news for cashew connoisseurs who also love kismis. Our Kaju Kismis ice cream is just the thing your taste buds desire!\r\n\r\nEnergy (Kcal) :- 184,\r\nCarbohydrate (g):- 18,\r\nProtein (g):- 7,\r\nFats (g):- 12,\r\nAllergen Declaration:- May contain: Brazilnuts, Cashew, Hazelnuts, Pecans, Pistachio, Walnut, Peanut & Milk,\r\nServing size : 80 gm per person","imageId":"gbstuvxzk2cuvyivdqmd","inStock":1,"isVeg":1,"variants":{},"variantsV2":{"variantGroups":[{"groupId":"11556060","name":"Choose Size","variations":[{"name":"Single scoop cup","price":69.92,"default":1,"id":"37997368","inStock":1,"isVeg":1,"isEnabled":1},{"name":"Double scoop cup","price":130.5,"id":"37997371","inStock":1,"isVeg":1,"isEnabled":1},{"name":"Family Pack 500 grams","price":349.58,"id":"37997378","inStock":1,"isVeg":1,"isEnabled":1}]}],"pricingModels":[{"variations":[{"groupId":"11556060","variationId":"37997368"}],"price":6992,"addonCombinations":[{"groupId":"78315714","addonId":"62385257"}]},{"variations":[{"groupId":"11556060","variationId":"37997371"}],"price":13050,"addonCombinations":[{"groupId":"78315714","addonId":"62385257"}]},{"variations":[{"groupId":"11556060","variationId":"37997378"}],"price":34958,"addonCombinations":[{"groupId":"78315713","addonId":"63191744"},{"groupId":"78315713","addonId":"63191745"},{"groupId":"78315713","addonId":"63191746"}]}]},"itemAttribute":{"vegClassifier":"VEG","portionSize":"Serves 1"},"defaultPrice":6992,"ribbon":{},"type":"ITEM","itemBadge":{},"badgesV2":{},"ratings":{"aggregatedRating":{"rating":"4.4","ratingCount":"44 ratings","ratingCountV2":"44"}}},"analytics":{},"hideRestaurantDetails":true}},{"card":{"@type":"type.googleapis.com/swiggy.presentation.food.v2.Dish","info":{"id":"76212021","name":"Kesar Pista Ice Cream","category":"Round The Year","description":"Serves 1 | Looking for a royal flavour to pamper yourself with? Look no further. Our Kesar Pista ice cream has Kesar from Kashmir and Pista from Iran. Time to give your ice cream cravings an exotic touch!\r\n\r\nEnergy (Kcal) :- 217,\r\nCarbohydrate (g):- 18,\r\nProtein (g):- 5,\r\nFats (g):- 17,\r\nAllergen Declaration:- May contain: Brazilnuts, Cashew, Hazelnuts, Pecans, Pistachio, Walnut, Peanut & Milk,\r\nServing size : 80 gm per person","imageId":"odcljqcyt8phokbz2inw","inStock":1,"isVeg":1,"variants":{},"variantsV2":{"variantGroups":[{"groupId":"11556067","name":"Choose Size","variations":[{"name":"Single scoop cup","price":69.92,"default":1,"id":"37997401","isVeg":1,"isEnabled":1},{"name":"Double scoop cup","price":130.5,"id":"37997404","isVeg":1,"isEnabled":1},{"name":"Mini Pack 300 grams","price":261.02,"id":"37997406","inStock":1,"isVeg":1,"isEnabled":1},{"name":"Family Pack 500 grams","price":349.58,"id":"37997420","inStock":1,"isVeg":1,"isEnabled":1}]}],"pricingModels":[{"variations":[{"groupId":"11556067","variationId":"37997401"}],"price":6992,"addonCombinations":[{"groupId":"78315722","addonId":"62385257"}]},{"variations":[{"groupId":"11556067","variationId":"37997404"}],"price":13050,"addonCombinations":[{"groupId":"78315722","addonId":"62385257"}]},{"variations":[{"groupId":"11556067","variationId":"37997406"}],"price":26102,"addonCombinations":[{"groupId":"78315721","addonId":"63191744"},{"groupId":"78315721","addonId":"63191745"},{"groupId":"78315721","addonId":"63191746"}]},{"variations":[{"groupId":"11556067","variationId":"37997420"}],"price":34958,"addonCombinations":[{"groupId":"78315721","addonId":"63191744"},{"groupId":"78315721","addonId":"63191745"},{"groupId":"78315721","addonId":"63191746"}]}]},"itemAttribute":{"vegClassifier":"VEG","portionSize":"Serves 1"},"defaultPrice":6992,"ribbon":{},"type":"ITEM","itemBadge":{},"badgesV2":{},"ratings":{"aggregatedRating":{"rating":"4.4","ratingCount":"149 ratings","ratingCountV2":"149"}}},"analytics":{},"hideRestaurantDetails":true}},{"card":{"@type":"type.googleapis.com/swiggy.presentation.food.v2.Dish","info":{"id":"76212025","name":"Choco cream Ice Cream","category":"Round The Year","description":"Serves 1 | If you’re a chocolate enthusiast, you are in for a treat to the senses. Our original Choco Cream ice cream is made from coco mass sourced all the way from Ghana. A word of caution: our Choco Cream ice cream will leave you wanting for more, whether you get a single scoop or a family pack.\r\n\r\nEnergy (Kcal) :- 174,\r\nCarbohydrate (g):- 17,\r\nProtein (g):- 6,\r\nFats (g):- 11,\r\nAllergen Declaration:- May contain: Brazilnuts, Cashew, Hazelnuts, Pecans, Pistachio, Walnut, Peanut & Milk,\r\nServing size : 80 gm per person","imageId":"99cdba63c93b4eb02057add431e6ea6c","inStock":1,"isVeg":1,"variants":{},"variantsV2":{"variantGroups":[{"groupId":"11556074","name":"Choose Size","variations":[{"name":"Single scoop cup","price":69.92,"default":1,"id":"37997433","isVeg":1,"isEnabled":1},{"name":"Double scoop cup","price":130.5,"id":"37997435","isVeg":1,"isEnabled":1},{"name":"Mini Pack 300 grams","price":261.02,"id":"37997439","inStock":1,"isVeg":1,"isEnabled":1},{"name":"Family Pack 500 grams","price":349.58,"id":"37997442","inStock":1,"isVeg":1,"isEnabled":1}]}],"pricingModels":[{"variations":[{"groupId":"11556074","variationId":"37997433"}],"price":6992,"addonCombinations":[{"groupId":"78315727","addonId":"62385257"}]},{"variations":[{"groupId":"11556074","variationId":"37997435"}],"price":13050,"addonCombinations":[{"groupId":"78315727","addonId":"62385257"}]},{"variations":[{"groupId":"11556074","variationId":"37997439"}],"price":26102,"addonCombinations":[{"groupId":"78315725","addonId":"63191744"},{"groupId":"78315725","addonId":"63191745"},{"groupId":"78315725","addonId":"63191746"}]},{"variations":[{"groupId":"11556074","variationId":"37997442"}],"price":34958,"addonCombinations":[{"groupId":"78315725","addonId":"63191744"},{"groupId":"78315725","addonId":"63191745"},{"groupId":"78315725","addonId":"63191746"}]}]},"itemAttribute":{"vegClassifier":"VEG","portionSize":"Serves 1"},"defaultPrice":6992,"ribbon":{},"type":"ITEM","itemBadge":{},"badgesV2":{},"ratings":{"aggregatedRating":{"rating":"4.5","ratingCount":"59 ratings","ratingCountV2":"59"}}},"analytics":{},"hideRestaurantDetails":true}}]}}},{"card":{"card":{"@type":"type.googleapis.com/swiggy.presentation.food.v2.NestedItemCategory","title":"Combo","categories":[{"title":"Mini pack combo","itemCards":[{"card":{"@type":"type.googleapis.com/swiggy.presentation.food.v2.Dish","info":{"id":"76212081","name":"Signature Mini Pack Chocolate Combo","category":"Combo","description":"Serves 1","imageId":"odulbimejdnsactajzb5","inStock":1,"isVeg":1,"price":69916,"variants":{},"variantsV2":{},"addons":[{"groupId":"48902972","groupName":"Chocolate Mini Pack Combo","choices":[{"id":"35770356","name":"Choco Almond Ice Cream Mini Pack","inStock":1,"isVeg":1,"isEnabled":1},{"id":"35770357","name":"Choco Cream Ice Cream Mini Pack","inStock":1,"isVeg":1,"isEnabled":1},{"id":"35770358","name":"Chocobite Ice Cream Mini Pack","inStock":1,"isVeg":1,"isEnabled":1}],"maxAddons":3,"maxFreeAddons":-1,"minAddons":3}],"itemAttribute":{"vegClassifier":"VEG","portionSize":"Serves 1"},"ribbon":{},"type":"ITEM","itemBadge":{},"badgesV2":{},"ratings":{"aggregatedRating":{"rating":"4.8","ratingCount":"3 ratings","ratingCountV2":"3"}}},"analytics":{},"hideRestaurantDetails":true}}]}]}}},{"card":{"card":{"@type":"type.googleapis.com/swiggy.presentation.food.v2.RestaurantLicenseInfo","type":"FSSAI","imageId":"fssai_final_edss9i","text":["License No. 11515027000115"]}}},{"card":{"card":{"@type":"type.googleapis.com/swiggy.presentation.food.v2.RestaurantAddress","name":"Natural Ice Cream","area":"College Road","completeAddress":"Shop No 3, Motiwala Plaza, College Road, Bhonsala Circle- Gangapur Road Jean Circle Link Road , Nashik, Opp Carnival Restaurant, Nashik, Maharashtra-422005"}}}]}}}}],"firstOffsetRequest":true,"isQCLink":false},"tid":"5962befe-3342-4387-b0e6-e1871f42cb59","sid":"8yl99cec-3c62-4543-a68b-5a863ec58ce7","deviceId":"66f1d22a-02c3-5f6f-e8e5-7dd060f63ee1","csrfToken":"7FY4rsrELvMO-cKs-Y6VWClIgvZrQiaM-bRKY0vc"}